queue_order,person_id,province,excel_row,identity_resolution,candidate_names,current_organization,current_title,current_verification_status,evidence_grade,evidence_url,unresolved_reason
1,FC2515-P11-R0123,浙江,123,FRAGMENT_HEAD,陈频,,,DEFERRED_CANONICAL_IDENTITY_REPAIR_REQUIRED,A,https://www.acfic.org.cn/ztzlhz/2022gslhj/2022gslhj_zj/202209/t20220919_313059.html,Canonical person_id is attached to a malformed source fragment/compound row; assigning current organization/title before canonical split/merge risks cross-person contamination. Identity candidates are evidence-backed and carried forward to structural conflict resolution.
2,FC2515-P11-R0124,浙江,124,FRAGMENT_TAIL,陈频,,,DEFERRED_CANONICAL_IDENTITY_REPAIR_REQUIRED,A,https://www.acfic.org.cn/ztzlhz/2022gslhj/2022gslhj_zj/202209/t20220919_313059.html,Canonical person_id is attached to a malformed source fragment/compound row; assigning current organization/title before canonical split/merge risks cross-person contamination. Identity candidates are evidence-backed and carried forward to structural conflict resolution.
3,FC2515-P11-R0125,浙江,125,FRAGMENT_HEAD,陈滨,,,DEFERRED_CANONICAL_IDENTITY_REPAIR_REQUIRED,A,https://www.acfic.org.cn/ztzlhz/2022gslhj/2022gslhj_zj/202209/t20220919_313059.html,Canonical person_id is attached to a malformed source fragment/compound row; assigning current organization/title before canonical split/merge risks cross-person contamination. Identity candidates are evidence-backed and carried forward to structural conflict resolution.
4,FC2515-P11-R0126,浙江,126,FRAGMENT_TAIL,陈滨,,,DEFERRED_CANONICAL_IDENTITY_REPAIR_REQUIRED,A,https://www.acfic.org.cn/ztzlhz/2022gslhj/2022gslhj_zj/202209/t20220919_313059.html,Canonical person_id is attached to a malformed source fragment/compound row; assigning current organization/title before canonical split/merge risks cross-person contamination. Identity candidates are evidence-backed and carried forward to structural conflict resolution.
5,FC2515-P11-R0176,浙江,176,FRAGMENT_HEAD,殷英,,,DEFERRED_CANONICAL_IDENTITY_REPAIR_REQUIRED,A,https://www.acfic.org.cn/ztzlhz/2022gslhj/2022gslhj_zj/202209/t20220919_313059.html,Canonical person_id is attached to a malformed source fragment/compound row; assigning current organization/title before canonical split/merge risks cross-person contamination. Identity candidates are evidence-backed and carried forward to structural conflict resolution.
6,FC2515-P11-R0177,浙江,177,FRAGMENT_TAIL,殷英,,,DEFERRED_CANONICAL_IDENTITY_REPAIR_REQUIRED,A,https://www.acfic.org.cn/ztzlhz/2022gslhj/2022gslhj_zj/202209/t20220919_313059.html,Canonical person_id is attached to a malformed source fragment/compound row; assigning current organization/title before canonical split/merge risks cross-person contamination. Identity candidates are evidence-backed and carried forward to structural conflict resolution.
7,FC2515-P11-R0214,浙江,214,SHIFT_FRAGMENT,丰华,,,DEFERRED_CANONICAL_IDENTITY_REPAIR_REQUIRED,A,https://www.acfic.org.cn/ztzlhz/2022gslhj/2022gslhj_zj/202209/t20220919_313059.html,Canonical person_id is attached to a malformed source fragment/compound row; assigning current organization/title before canonical split/merge risks cross-person contamination. Identity candidates are evidence-backed and carried forward to structural conflict resolution.
8,FC2515-P11-R0216,浙江,216,SHIFT_FRAGMENT,王雨,,,DEFERRED_CANONICAL_IDENTITY_REPAIR_REQUIRED,A,https://www.acfic.org.cn/ztzlhz/2022gslhj/2022gslhj_zj/202209/t20220919_313059.html,Canonical person_id is attached to a malformed source fragment/compound row; assigning current organization/title before canonical split/merge risks cross-person contamination. Identity candidates are evidence-backed and carried forward to structural conflict resolution.
9,FC2515-P11-R0219,浙江,219,FRAGMENT_HEAD,王勤,,,DEFERRED_CANONICAL_IDENTITY_REPAIR_REQUIRED,A,https://www.acfic.org.cn/ztzlhz/2022gslhj/2022gslhj_zj/202209/t20220919_313059.html,Canonical person_id is attached to a malformed source fragment/compound row; assigning current organization/title before canonical split/merge risks cross-person contamination. Identity candidates are evidence-backed and carried forward to structural conflict resolution.
10,FC2515-P11-R0220,浙江,220,FRAGMENT_TAIL,王勤,,,DEFERRED_CANONICAL_IDENTITY_REPAIR_REQUIRED,A,https://www.acfic.org.cn/ztzlhz/2022gslhj/2022gslhj_zj/202209/t20220919_313059.html,Canonical person_id is attached to a malformed source fragment/compound row; assigning current organization/title before canonical split/merge risks cross-person contamination. Identity candidates are evidence-backed and carried forward to structural conflict resolution.
11,FC2515-P11-R0300,浙江,300,SHIFT_FRAGMENT,苏健,,,DEFERRED_CANONICAL_IDENTITY_REPAIR_REQUIRED,A,https://www.acfic.org.cn/ztzlhz/2022gslhj/2022gslhj_zj/202209/t20220919_313059.html,Canonical person_id is attached to a malformed source fragment/compound row; assigning current organization/title before canonical split/merge risks cross-person contamination. Identity candidates are evidence-backed and carried forward to structural conflict resolution.
12,FC2515-P11-R0316,浙江,316,FRAGMENT_HEAD,杨军（丽水）,,,DEFERRED_CANONICAL_IDENTITY_REPAIR_REQUIRED,A,https://www.acfic.org.cn/ztzlhz/2022gslhj/2022gslhj_zj/202209/t20220919_313059.html,Canonical person_id is attached to a malformed source fragment/compound row; assigning current organization/title before canonical split/merge risks cross-person contamination. Identity candidates are evidence-backed and carried forward to structural conflict resolution.
13,FC2515-P11-R0317,浙江,317,FRAGMENT_TAIL,杨军（丽水）,,,DEFERRED_CANONICAL_IDENTITY_REPAIR_REQUIRED,A,https://www.acfic.org.cn/ztzlhz/2022gslhj/2022gslhj_zj/202209/t20220919_313059.html,Canonical person_id is attached to a malformed source fragment/compound row; assigning current organization/title before canonical split/merge risks cross-person contamination. Identity candidates are evidence-backed and carried forward to structural conflict resolution.
14,FC2515-P11-R0388,浙江,388,SHIFT_FRAGMENT,陈滨,,,DEFERRED_CANONICAL_IDENTITY_REPAIR_REQUIRED,A,https://www.acfic.org.cn/ztzlhz/2022gslhj/2022gslhj_zj/202209/t20220919_313059.html,Canonical person_id is attached to a malformed source fragment/compound row; assigning current organization/title before canonical split/merge risks cross-person contamination. Identity candidates are evidence-backed and carried forward to structural conflict resolution.
15,FC2515-P11-R0390,浙江,390,SHIFT_FRAGMENT,陈蕾,,,DEFERRED_CANONICAL_IDENTITY_REPAIR_REQUIRED,A,https://www.acfic.org.cn/ztzlhz/2022gslhj/2022gslhj_zj/202209/t20220919_313059.html,Canonical person_id is attached to a malformed source fragment/compound row; assigning current organization/title before canonical split/merge risks cross-person contamination. Identity candidates are evidence-backed and carried forward to structural conflict resolution.
16,FC2515-P11-R0391,浙江,391,FRAGMENT_HEAD,陈蔚,,,DEFERRED_CANONICAL_IDENTITY_REPAIR_REQUIRED,A,https://www.acfic.org.cn/ztzlhz/2022gslhj/2022gslhj_zj/202209/t20220919_313059.html,Canonical person_id is attached to a malformed source fragment/compound row; assigning current organization/title before canonical split/merge risks cross-person contamination. Identity candidates are evidence-backed and carried forward to structural conflict resolution.
17,FC2515-P11-R0392,浙江,392,FRAGMENT_TAIL,陈蔚,,,DEFERRED_CANONICAL_IDENTITY_REPAIR_REQUIRED,A,https://www.acfic.org.cn/ztzlhz/2022gslhj/2022gslhj_zj/202209/t20220919_313059.html,Canonical person_id is attached to a malformed source fragment/compound row; assigning current organization/title before canonical split/merge risks cross-person contamination. Identity candidates are evidence-backed and carried forward to structural conflict resolution.
18,FC2515-P11-R0511,浙江,511,SHIFT_FRAGMENT,徐伟,,,DEFERRED_CANONICAL_IDENTITY_REPAIR_REQUIRED,A,https://www.acfic.org.cn/ztzlhz/2022gslhj/2022gslhj_zj/202209/t20220919_313059.html,Canonical person_id is attached to a malformed source fragment/compound row; assigning current organization/title before canonical split/merge risks cross-person contamination. Identity candidates are evidence-backed and carried forward to structural conflict resolution.
19,FC2515-P11-R0513,浙江,513,SHIFT_FRAGMENT,徐迅,,,DEFERRED_CANONICAL_IDENTITY_REPAIR_REQUIRED,A,https://www.acfic.org.cn/ztzlhz/2022gslhj/2022gslhj_zj/202209/t20220919_313059.html,Canonical person_id is attached to a malformed source fragment/compound row; assigning current organization/title before canonical split/merge risks cross-person contamination. Identity candidates are evidence-backed and carried forward to structural conflict resolution.
20,FC2515-P11-R0520,浙江,520,FRAGMENT_HEAD,殷英,,,DEFERRED_CANONICAL_IDENTITY_REPAIR_REQUIRED,A,https://www.acfic.org.cn/ztzlhz/2022gslhj/2022gslhj_zj/202209/t20220919_313059.html,Canonical person_id is attached to a malformed source fragment/compound row; assigning current organization/title before canonical split/merge risks cross-person contamination. Identity candidates are evidence-backed and carried forward to structural conflict resolution.
21,FC2515-P11-R0521,浙江,521,FRAGMENT_TAIL,殷英,,,DEFERRED_CANONICAL_IDENTITY_REPAIR_REQUIRED,A,https://www.acfic.org.cn/ztzlhz/2022gslhj/2022gslhj_zj/202209/t20220919_313059.html,Canonical person_id is attached to a malformed source fragment/compound row; assigning current organization/title before canonical split/merge risks cross-person contamination. Identity candidates are evidence-backed and carried forward to structural conflict resolution.
22,FC2515-P11-R0553,浙江,553,SHIFT_FRAGMENT,彭星,,,DEFERRED_CANONICAL_IDENTITY_REPAIR_REQUIRED,A,https://www.acfic.org.cn/ztzlhz/2022gslhj/2022gslhj_zj/202209/t20220919_313059.html,Canonical person_id is attached to a malformed source fragment/compound row; assigning current organization/title before canonical split/merge risks cross-person contamination. Identity candidates are evidence-backed and carried forward to structural conflict resolution.
23,FC2515-P12-R0036,安徽,36,MULTIPERSON_SOURCE_ROW,朱玉荣|伍志伟,,,DEFERRED_CANONICAL_IDENTITY_REPAIR_REQUIRED,A,https://www.acfic.org.cn/ztzlhz/2022gslhj/2022gslhj_ah/202208/t20220812_312855.html,Canonical person_id is attached to a malformed source fragment/compound row; assigning current organization/title before canonical split/merge risks cross-person contamination. Identity candidates are evidence-backed and carried forward to structural conflict resolution.
24,FC2515-P12-R0052,安徽,52,MULTIPERSON_SOURCE_ROW,王磊|王小强,,,DEFERRED_CANONICAL_IDENTITY_REPAIR_REQUIRED,A,https://www.acfic.org.cn/ztzlhz/2022gslhj/2022gslhj_ah/202208/t20220812_312855.html,Canonical person_id is attached to a malformed source fragment/compound row; assigning current organization/title before canonical split/merge risks cross-person contamination. Identity candidates are evidence-backed and carried forward to structural conflict resolution.
25,FC2515-P12-R0056,安徽,56,MULTIPERSON_SOURCE_ROW,王翠凤|尤加林,,,DEFERRED_CANONICAL_IDENTITY_REPAIR_REQUIRED,A,https://www.acfic.org.cn/ztzlhz/2022gslhj/2022gslhj_ah/202208/t20220812_312855.html,Canonical person_id is attached to a malformed source fragment/compound row; assigning current organization/title before canonical split/merge risks cross-person contamination. Identity candidates are evidence-backed and carried forward to structural conflict resolution.
26,FC2515-P12-R0066,安徽,66,MULTIPERSON_SOURCE_ROW,朱前定|伍志伟,,,DEFERRED_CANONICAL_IDENTITY_REPAIR_REQUIRED,A,https://www.acfic.org.cn/ztzlhz/2022gslhj/2022gslhj_ah/202208/t20220812_312855.html,Canonical person_id is attached to a malformed source fragment/compound row; assigning current organization/title before canonical split/merge risks cross-person contamination. Identity candidates are evidence-backed and carried forward to structural conflict resolution.
27,FC2515-P12-R0071,安徽,71,MULTIPERSON_SOURCE_ROW,刘尚斌|刘亮亮,,,DEFERRED_CANONICAL_IDENTITY_REPAIR_REQUIRED,A,https://www.acfic.org.cn/ztzlhz/2022gslhj/2022gslhj_ah/202208/t20220812_312855.html,Canonical person_id is attached to a malformed source fragment/compound row; assigning current organization/title before canonical split/merge risks cross-person contamination. Identity candidates are evidence-backed and carried forward to structural conflict resolution.
28,FC2515-P12-R0086,安徽,86,MULTIPERSON_SOURCE_ROW,李俊波|李增流,,,DEFERRED_CANONICAL_IDENTITY_REPAIR_REQUIRED,A,https://www.acfic.org.cn/ztzlhz/2022gslhj/2022gslhj_ah/202208/t20220812_312855.html,Canonical person_id is attached to a malformed source fragment/compound row; assigning current organization/title before canonical split/merge risks cross-person contamination. Identity candidates are evidence-backed and carried forward to structural conflict resolution.
29,FC2515-P12-R0091,安徽,91,MULTIPERSON_SOURCE_ROW,吴立民|吴成月,,,DEFERRED_CANONICAL_IDENTITY_REPAIR_REQUIRED,A,https://www.acfic.org.cn/ztzlhz/2022gslhj/2022gslhj_ah/202208/t20220812_312855.html,Canonical person_id is attached to a malformed source fragment/compound row; assigning current organization/title before canonical split/merge risks cross-person contamination. Identity candidates are evidence-backed and carried forward to structural conflict resolution.
30,FC2515-P12-R0096,安徽,96,MULTIPERSON_SOURCE_ROW,沈泽冰|陈齐,,,DEFERRED_CANONICAL_IDENTITY_REPAIR_REQUIRED,A,https://www.acfic.org.cn/ztzlhz/2022gslhj/2022gslhj_ah/202208/t20220812_312855.html,Canonical person_id is attached to a malformed source fragment/compound row; assigning current organization/title before canonical split/merge risks cross-person contamination. Identity candidates are evidence-backed and carried forward to structural conflict resolution.
31,FC2515-P12-R0110,安徽,110,MULTIPERSON_SOURCE_ROW,胡春华|施卫东,,,DEFERRED_CANONICAL_IDENTITY_REPAIR_REQUIRED,A,https://www.acfic.org.cn/ztzlhz/2022gslhj/2022gslhj_ah/202208/t20220812_312855.html,Canonical person_id is attached to a malformed source fragment/compound row; assigning current organization/title before canonical split/merge risks cross-person contamination. Identity candidates are evidence-backed and carried forward to structural conflict resolution.
32,FC2515-P12-R0114,安徽,114,MULTIPERSON_SOURCE_ROW,贺应旭|聂磊,,,DEFERRED_CANONICAL_IDENTITY_REPAIR_REQUIRED,A,https://www.acfic.org.cn/ztzlhz/2022gslhj/2022gslhj_ah/202208/t20220812_312855.html,Canonical person_id is attached to a malformed source fragment/compound row; assigning current organization/title before canonical split/merge risks cross-person contamination. Identity candidates are evidence-backed and carried forward to structural conflict resolution.
33,FC2515-P12-R0145,安徽,145,MULTIPERSON_SOURCE_ROW,丁超毅|于军,,,DEFERRED_CANONICAL_IDENTITY_REPAIR_REQUIRED,A,https://www.acfic.org.cn/ztzlhz/2022gslhj/2022gslhj_ah/202208/t20220812_312855.html,Canonical person_id is attached to a malformed source fragment/compound row; assigning current organization/title before canonical split/merge risks cross-person contamination. Identity candidates are evidence-backed and carried forward to structural conflict resolution.
34,FC2515-P12-R0154,安徽,154,MULTIPERSON_SOURCE_ROW,王正荣|王正前,,,DEFERRED_CANONICAL_IDENTITY_REPAIR_REQUIRED,A,https://www.acfic.org.cn/ztzlhz/2022gslhj/2022gslhj_ah/202208/t20220812_312855.html,Canonical person_id is attached to a malformed source fragment/compound row; assigning current organization/title before canonical split/merge risks cross-person contamination. Identity candidates are evidence-backed and carried forward to structural conflict resolution.
35,FC2515-P12-R0158,安徽,158,MULTIPERSON_SOURCE_ROW,王怀远|王和新,,,DEFERRED_CANONICAL_IDENTITY_REPAIR_REQUIRED,A,https://www.acfic.org.cn/ztzlhz/2022gslhj/2022gslhj_ah/202208/t20220812_312855.html,Canonical person_id is attached to a malformed source fragment/compound row; assigning current organization/title before canonical split/merge risks cross-person contamination. Identity candidates are evidence-backed and carried forward to structural conflict resolution.
36,FC2515-P12-R0162,安徽,162,MULTIPERSON_SOURCE_ROW,王培元|王鹏程,,,DEFERRED_CANONICAL_IDENTITY_REPAIR_REQUIRED,A,https://www.acfic.org.cn/ztzlhz/2022gslhj/2022gslhj_ah/202208/t20220812_312855.html,Canonical person_id is attached to a malformed source fragment/compound row; assigning current organization/title before canonical split/merge risks cross-person contamination. Identity candidates are evidence-backed and carried forward to structural conflict resolution.
37,FC2515-P12-R0166,安徽,166,MULTIPERSON_SOURCE_ROW,卞凯民|方东兴,,,DEFERRED_CANONICAL_IDENTITY_REPAIR_REQUIRED,A,https://www.acfic.org.cn/ztzlhz/2022gslhj/2022gslhj_ah/202208/t20220812_312855.html,Canonical person_id is attached to a malformed source fragment/compound row; assigning current organization/title before canonical split/merge risks cross-person contamination. Identity candidates are evidence-backed and carried forward to structural conflict resolution.
38,FC2515-P12-R0199,安徽,199,MULTIPERSON_SOURCE_ROW,刘力|刘伟|刘永政|刘庆峰|刘江华|刘红岩|刘沛峰,,,DEFERRED_CANONICAL_IDENTITY_REPAIR_REQUIRED,A,https://www.acfic.org.cn/ztzlhz/2022gslhj/2022gslhj_ah/202208/t20220812_312855.html,Canonical person_id is attached to a malformed source fragment/compound row; assigning current organization/title before canonical split/merge risks cross-person contamination. Identity candidates are evidence-backed and carried forward to structural conflict resolution.
39,FC2515-P12-R0231,安徽,231,MULTIPERSON_SOURCE_ROW,李厚文|李俊波,,,DEFERRED_CANONICAL_IDENTITY_REPAIR_REQUIRED,A,https://www.acfic.org.cn/ztzlhz/2022gslhj/2022gslhj_ah/202208/t20220812_312855.html,Canonical person_id is attached to a malformed source fragment/compound row; assigning current organization/title before canonical split/merge risks cross-person contamination. Identity candidates are evidence-backed and carried forward to structural conflict resolution.
40,FC2515-P12-R0275,安徽,275,MULTIPERSON_SOURCE_ROW,张少华|张世才,,,DEFERRED_CANONICAL_IDENTITY_REPAIR_REQUIRED,A,https://www.acfic.org.cn/ztzlhz/2022gslhj/2022gslhj_ah/202208/t20220812_312855.html,Canonical person_id is attached to a malformed source fragment/compound row; assigning current organization/title before canonical split/merge risks cross-person contamination. Identity candidates are evidence-backed and carried forward to structural conflict resolution.
41,FC2515-P12-R0279,安徽,279,MULTIPERSON_SOURCE_ROW,张洪玉|陈齐,,,DEFERRED_CANONICAL_IDENTITY_REPAIR_REQUIRED,A,https://www.acfic.org.cn/ztzlhz/2022gslhj/2022gslhj_ah/202208/t20220812_312855.html,Canonical person_id is attached to a malformed source fragment/compound row; assigning current organization/title before canonical split/merge risks cross-person contamination. Identity candidates are evidence-backed and carried forward to structural conflict resolution.
42,FC2515-P12-R0283,安徽,283,MULTIPERSON_SOURCE_ROW,陈冬梅|陈华明,,,DEFERRED_CANONICAL_IDENTITY_REPAIR_REQUIRED,A,https://www.acfic.org.cn/ztzlhz/2022gslhj/2022gslhj_ah/202208/t20220812_312855.html,Canonical person_id is attached to a malformed source fragment/compound row; assigning current organization/title before canonical split/merge risks cross-person contamination. Identity candidates are evidence-backed and carried forward to structural conflict resolution.
43,FC2515-P12-R0287,安徽,287,MULTIPERSON_SOURCE_ROW,陈荣娜|陈昭敏,,,DEFERRED_CANONICAL_IDENTITY_REPAIR_REQUIRED,A,https://www.acfic.org.cn/ztzlhz/2022gslhj/2022gslhj_ah/202208/t20220812_312855.html,Canonical person_id is attached to a malformed source fragment/compound row; assigning current organization/title before canonical split/merge risks cross-person contamination. Identity candidates are evidence-backed and carried forward to structural conflict resolution.
44,FC2515-P12-R0297,安徽,297,MULTIPERSON_SOURCE_ROW,金颐|金磬,,,DEFERRED_CANONICAL_IDENTITY_REPAIR_REQUIRED,A,https://www.acfic.org.cn/ztzlhz/2022gslhj/2022gslhj_ah/202208/t20220812_312855.html,Canonical person_id is attached to a malformed source fragment/compound row; assigning current organization/title before canonical split/merge risks cross-person contamination. Identity candidates are evidence-backed and carried forward to structural conflict resolution.
45,FC2515-P12-R0324,安徽,324,MULTIPERSON_SOURCE_ROW,姚和平|贺应旭,,,DEFERRED_CANONICAL_IDENTITY_REPAIR_REQUIRED,A,https://www.acfic.org.cn/ztzlhz/2022gslhj/2022gslhj_ah/202208/t20220812_312855.html,Canonical person_id is attached to a malformed source fragment/compound row; assigning current organization/title before canonical split/merge risks cross-person contamination. Identity candidates are evidence-backed and carried forward to structural conflict resolution.
46,FC2515-P12-R0372,安徽,372,MULTIPERSON_SOURCE_ROW,覃蔚|程岗,,,DEFERRED_CANONICAL_IDENTITY_REPAIR_REQUIRED,A,https://www.acfic.org.cn/ztzlhz/2022gslhj/2022gslhj_ah/202208/t20220812_312855.html,Canonical person_id is attached to a malformed source fragment/compound row; assigning current organization/title before canonical split/merge risks cross-person contamination. Identity candidates are evidence-backed and carried forward to structural conflict resolution.
47,FC2515-P12-R0376,安徽,376,MULTIPERSON_SOURCE_ROW,焦慧|储昭节,,,DEFERRED_CANONICAL_IDENTITY_REPAIR_REQUIRED,A,https://www.acfic.org.cn/ztzlhz/2022gslhj/2022gslhj_ah/202208/t20220812_312855.html,Canonical person_id is attached to a malformed source fragment/compound row; assigning current organization/title before canonical split/merge risks cross-person contamination. Identity candidates are evidence-backed and carried forward to structural conflict resolution.
48,FC2515-P12-R0381,安徽,381,MULTIPERSON_SOURCE_ROW,蓝天|蔡镕骏,,,DEFERRED_CANONICAL_IDENTITY_REPAIR_REQUIRED,A,https://www.acfic.org.cn/ztzlhz/2022gslhj/2022gslhj_ah/202208/t20220812_312855.html,Canonical person_id is attached to a malformed source fragment/compound row; assigning current organization/title before canonical split/merge risks cross-person contamination. Identity candidates are evidence-backed and carried forward to structural conflict resolution.
49,FC2515-P12-R0386,安徽,386,MULTIPERSON_SOURCE_ROW,潘斌|潘保春,,,DEFERRED_CANONICAL_IDENTITY_REPAIR_REQUIRED,A,https://www.acfic.org.cn/ztzlhz/2022gslhj/2022gslhj_ah/202208/t20220812_312855.html,Canonical person_id is attached to a malformed source fragment/compound row; assigning current organization/title before canonical split/merge risks cross-person contamination. Identity candidates are evidence-backed and carried forward to structural conflict resolution.
50,FC2515-P16-R0004,河南,4,MULTIPERSON_SOURCE_ROW,赵纯武|孔火团|马跃峰|李莉,,,DEFERRED_CANONICAL_IDENTITY_REPAIR_REQUIRED,A,https://www.acfic.org.cn/ztzlhz/2022gslhj/2022gslhj_ha/202208/t20220829_113897.html,Canonical person_id is attached to a malformed source fragment/compound row; assigning current organization/title before canonical split/merge risks cross-person contamination. Identity candidates are evidence-backed and carried forward to structural conflict resolution.
51,FC2515-P16-R0007,河南,7,SHIFT_FRAGMENT,陈南,,,DEFERRED_CANONICAL_IDENTITY_REPAIR_REQUIRED,A,https://www.acfic.org.cn/ztzlhz/2022gslhj/2022gslhj_ha/202208/t20220829_113897.html,Canonical person_id is attached to a malformed source fragment/compound row; assigning current organization/title before canonical split/merge risks cross-person contamination. Identity candidates are evidence-backed and carried forward to structural conflict resolution.
52,FC2515-P16-R0028,河南,28,SHIFT_FRAGMENT,常远,,,DEFERRED_CANONICAL_IDENTITY_REPAIR_REQUIRED,A,https://www.acfic.org.cn/ztzlhz/2022gslhj/2022gslhj_ha/202208/t20220829_113897.html,Canonical person_id is attached to a malformed source fragment/compound row; assigning current organization/title before canonical split/merge risks cross-person contamination. Identity candidates are evidence-backed and carried forward to structural conflict resolution.
53,FC2515-P16-R0035,河南,35,CONTAMINATED_MULTIPERSON,王玉桥|连建伟|潘道荣,,,DEFERRED_CANONICAL_IDENTITY_REPAIR_REQUIRED,A,https://www.acfic.org.cn/ztzlhz/2022gslhj/2022gslhj_ha/202208/t20220829_113897.html,Canonical person_id is attached to a malformed source fragment/compound row; assigning current organization/title before canonical split/merge risks cross-person contamination. Identity candidates are evidence-backed and carried forward to structural conflict resolution.
54,FC2515-P16-R0053,河南,53,FRAGMENT_HEAD,郭敏,,,DEFERRED_CANONICAL_IDENTITY_REPAIR_REQUIRED,A,https://www.acfic.org.cn/ztzlhz/2022gslhj/2022gslhj_ha/202208/t20220829_113897.html,Canonical person_id is attached to a malformed source fragment/compound row; assigning current organization/title before canonical split/merge risks cross-person contamination. Identity candidates are evidence-backed and carried forward to structural conflict resolution.
55,FC2515-P16-R0054,河南,54,FRAGMENT_TAIL,郭敏,,,DEFERRED_CANONICAL_IDENTITY_REPAIR_REQUIRED,A,https://www.acfic.org.cn/ztzlhz/2022gslhj/2022gslhj_ha/202208/t20220829_113897.html,Canonical person_id is attached to a malformed source fragment/compound row; assigning current organization/title before canonical split/merge risks cross-person contamination. Identity candidates are evidence-backed and carried forward to structural conflict resolution.
56,FC2515-P16-R0065,河南,65,SHIFT_FRAGMENT,王铭,,,DEFERRED_CANONICAL_IDENTITY_REPAIR_REQUIRED,A,https://www.acfic.org.cn/ztzlhz/2022gslhj/2022gslhj_ha/202208/t20220829_113897.html,Canonical person_id is attached to a malformed source fragment/compound row; assigning current organization/title before canonical split/merge risks cross-person contamination. Identity candidates are evidence-backed and carried forward to structural conflict resolution.
57,FC2515-P16-R0068,河南,68,SHIFT_FRAGMENT,王鹏（青企联）,,,DEFERRED_CANONICAL_IDENTITY_REPAIR_REQUIRED,A,https://www.acfic.org.cn/ztzlhz/2022gslhj/2022gslhj_ha/202208/t20220829_113897.html,Canonical person_id is attached to a malformed source fragment/compound row; assigning current organization/title before canonical split/merge risks cross-person contamination. Identity candidates are evidence-backed and carried forward to structural conflict resolution.
58,FC2515-P16-R0094,河南,94,SHIFT_FRAGMENT,孙浩,,,DEFERRED_CANONICAL_IDENTITY_REPAIR_REQUIRED,A,https://www.acfic.org.cn/ztzlhz/2022gslhj/2022gslhj_ha/202208/t20220829_113897.html,Canonical person_id is attached to a malformed source fragment/compound row; assigning current organization/title before canonical split/merge risks cross-person contamination. Identity candidates are evidence-backed and carried forward to structural conflict resolution.
59,FC2515-P16-R0099,河南,99,FRAGMENT_HEAD,李林,,,DEFERRED_CANONICAL_IDENTITY_REPAIR_REQUIRED,A,https://www.acfic.org.cn/ztzlhz/2022gslhj/2022gslhj_ha/202208/t20220829_113897.html,Canonical person_id is attached to a malformed source fragment/compound row; assigning current organization/title before canonical split/merge risks cross-person contamination. Identity candidates are evidence-backed and carried forward to structural conflict resolution.
60,FC2515-P16-R0100,河南,100,FRAGMENT_TAIL,李林,,,DEFERRED_CANONICAL_IDENTITY_REPAIR_REQUIRED,A,https://www.acfic.org.cn/ztzlhz/2022gslhj/2022gslhj_ha/202208/t20220829_113897.html,Canonical person_id is attached to a malformed source fragment/compound row; assigning current organization/title before canonical split/merge risks cross-person contamination. Identity candidates are evidence-backed and carried forward to structural conflict resolution.
61,FC2515-P16-R0101,河南,101,FRAGMENT_HEAD,李森,,,DEFERRED_CANONICAL_IDENTITY_REPAIR_REQUIRED,A,https://www.acfic.org.cn/ztzlhz/2022gslhj/2022gslhj_ha/202208/t20220829_113897.html,Canonical person_id is attached to a malformed source fragment/compound row; assigning current organization/title before canonical split/merge risks cross-person contamination. Identity candidates are evidence-backed and carried forward to structural conflict resolution.
62,FC2515-P16-R0102,河南,102,FRAGMENT_TAIL,李森,,,DEFERRED_CANONICAL_IDENTITY_REPAIR_REQUIRED,A,https://www.acfic.org.cn/ztzlhz/2022gslhj/2022gslhj_ha/202208/t20220829_113897.html,Canonical person_id is attached to a malformed source fragment/compound row; assigning current organization/title before canonical split/merge risks cross-person contamination. Identity candidates are evidence-backed and carried forward to structural conflict resolution.
63,FC2515-P16-R0117,河南,117,FRAGMENT_HEAD,张慧（女）,,,DEFERRED_CANONICAL_IDENTITY_REPAIR_REQUIRED,A,https://www.acfic.org.cn/ztzlhz/2022gslhj/2022gslhj_ha/202208/t20220829_113897.html,Canonical person_id is attached to a malformed source fragment/compound row; assigning current organization/title before canonical split/merge risks cross-person contamination. Identity candidates are evidence-backed and carried forward to structural conflict resolution.
64,FC2515-P16-R0118,河南,118,FRAGMENT_TAIL,张慧（女）,,,DEFERRED_CANONICAL_IDENTITY_REPAIR_REQUIRED,A,https://www.acfic.org.cn/ztzlhz/2022gslhj/2022gslhj_ha/202208/t20220829_113897.html,Canonical person_id is attached to a malformed source fragment/compound row; assigning current organization/title before canonical split/merge risks cross-person contamination. Identity candidates are evidence-backed and carried forward to structural conflict resolution.
65,FC2515-P16-R0119,河南,119,FRAGMENT_HEAD,张磊,,,DEFERRED_CANONICAL_IDENTITY_REPAIR_REQUIRED,A,https://www.acfic.org.cn/ztzlhz/2022gslhj/2022gslhj_ha/202208/t20220829_113897.html,Canonical person_id is attached to a malformed source fragment/compound row; assigning current organization/title before canonical split/merge risks cross-person contamination. Identity candidates are evidence-backed and carried forward to structural conflict resolution.
66,FC2515-P16-R0120,河南,120,FRAGMENT_TAIL,张磊,,,DEFERRED_CANONICAL_IDENTITY_REPAIR_REQUIRED,A,https://www.acfic.org.cn/ztzlhz/2022gslhj/2022gslhj_ha/202208/t20220829_113897.html,Canonical person_id is attached to a malformed source fragment/compound row; assigning current organization/title before canonical split/merge risks cross-person contamination. Identity candidates are evidence-backed and carried forward to structural conflict resolution.
67,FC2515-P16-R0142,河南,142,SHIFT_FRAGMENT,曹磊,,,DEFERRED_CANONICAL_IDENTITY_REPAIR_REQUIRED,A,https://www.acfic.org.cn/ztzlhz/2022gslhj/2022gslhj_ha/202208/t20220829_113897.html,Canonical person_id is attached to a malformed source fragment/compound row; assigning current organization/title before canonical split/merge risks cross-person contamination. Identity candidates are evidence-backed and carried forward to structural conflict resolution.
68,FC2515-P16-R0144,河南,144,SHIFT_FRAGMENT,梁友,,,DEFERRED_CANONICAL_IDENTITY_REPAIR_REQUIRED,A,https://www.acfic.org.cn/ztzlhz/2022gslhj/2022gslhj_ha/202208/t20220829_113897.html,Canonical person_id is attached to a malformed source fragment/compound row; assigning current organization/title before canonical split/merge risks cross-person contamination. Identity candidates are evidence-backed and carried forward to structural conflict resolution.
69,FC2515-P16-R0155,河南,155,SHIFT_FRAGMENT,丁剑,,,DEFERRED_CANONICAL_IDENTITY_REPAIR_REQUIRED,A,https://www.acfic.org.cn/ztzlhz/2022gslhj/2022gslhj_ha/202208/t20220829_113897.html,Canonical person_id is attached to a malformed source fragment/compound row; assigning current organization/title before canonical split/merge risks cross-person contamination. Identity candidates are evidence-backed and carried forward to structural conflict resolution.
70,FC2515-P16-R0165,河南,165,FRAGMENT_HEAD,王铭,,,DEFERRED_CANONICAL_IDENTITY_REPAIR_REQUIRED,A,https://www.acfic.org.cn/ztzlhz/2022gslhj/2022gslhj_ha/202208/t20220829_113897.html,Canonical person_id is attached to a malformed source fragment/compound row; assigning current organization/title before canonical split/merge risks cross-person contamination. Identity candidates are evidence-backed and carried forward to structural conflict resolution.
71,FC2515-P16-R0166,河南,166,FRAGMENT_TAIL,王铭,,,DEFERRED_CANONICAL_IDENTITY_REPAIR_REQUIRED,A,https://www.acfic.org.cn/ztzlhz/2022gslhj/2022gslhj_ha/202208/t20220829_113897.html,Canonical person_id is attached to a malformed source fragment/compound row; assigning current organization/title before canonical split/merge risks cross-person contamination. Identity candidates are evidence-backed and carried forward to structural conflict resolution.
72,FC2515-P16-R0168,河南,168,SHIFT_FRAGMENT,王森,,,DEFERRED_CANONICAL_IDENTITY_REPAIR_REQUIRED,A,https://www.acfic.org.cn/ztzlhz/2022gslhj/2022gslhj_ha/202208/t20220829_113897.html,Canonical person_id is attached to a malformed source fragment/compound row; assigning current organization/title before canonical split/merge risks cross-person contamination. Identity candidates are evidence-backed and carried forward to structural conflict resolution.
73,FC2515-P16-R0171,河南,171,SHIFT_FRAGMENT,王雷,,,DEFERRED_CANONICAL_IDENTITY_REPAIR_REQUIRED,A,https://www.acfic.org.cn/ztzlhz/2022gslhj/2022gslhj_ha/202208/t20220829_113897.html,Canonical person_id is attached to a malformed source fragment/compound row; assigning current organization/title before canonical split/merge risks cross-person contamination. Identity candidates are evidence-backed and carried forward to structural conflict resolution.
74,FC2515-P16-R0173,河南,173,FRAGMENT_HEAD,王鹏（青企联）,,,DEFERRED_CANONICAL_IDENTITY_REPAIR_REQUIRED,A,https://www.acfic.org.cn/ztzlhz/2022gslhj/2022gslhj_ha/202208/t20220829_113897.html,Canonical person_id is attached to a malformed source fragment/compound row; assigning current organization/title before canonical split/merge risks cross-person contamination. Identity candidates are evidence-backed and carried forward to structural conflict resolution.
75,FC2515-P16-R0174,河南,174,FRAGMENT_TAIL,王鹏（青企联）,,,DEFERRED_CANONICAL_IDENTITY_REPAIR_REQUIRED,A,https://www.acfic.org.cn/ztzlhz/2022gslhj/2022gslhj_ha/202208/t20220829_113897.html,Canonical person_id is attached to a malformed source fragment/compound row; assigning current organization/title before canonical split/merge risks cross-person contamination. Identity candidates are evidence-backed and carried forward to structural conflict resolution.
76,FC2515-P16-R0175,河南,175,SHIFT_FRAGMENT,王颖,,,DEFERRED_CANONICAL_IDENTITY_REPAIR_REQUIRED,A,https://www.acfic.org.cn/ztzlhz/2022gslhj/2022gslhj_ha/202208/t20220829_113897.html,Canonical person_id is attached to a malformed source fragment/compound row; assigning current organization/title before canonical split/merge risks cross-person contamination. Identity candidates are evidence-backed and carried forward to structural conflict resolution.
77,FC2515-P16-R0214,河南,214,SHIFT_FRAGMENT,白砥,,,DEFERRED_CANONICAL_IDENTITY_REPAIR_REQUIRED,A,https://www.acfic.org.cn/ztzlhz/2022gslhj/2022gslhj_ha/202208/t20220829_113897.html,Canonical person_id is attached to a malformed source fragment/compound row; assigning current organization/title before canonical split/merge risks cross-person contamination. Identity candidates are evidence-backed and carried forward to structural conflict resolution.
78,FC2515-P16-R0232,河南,232,FRAGMENT_HEAD,刘刚（省直）,,,DEFERRED_CANONICAL_IDENTITY_REPAIR_REQUIRED,A,https://www.acfic.org.cn/ztzlhz/2022gslhj/2022gslhj_ha/202208/t20220829_113897.html,Canonical person_id is attached to a malformed source fragment/compound row; assigning current organization/title before canonical split/merge risks cross-person contamination. Identity candidates are evidence-backed and carried forward to structural conflict resolution.
79,FC2515-P16-R0233,河南,233,FRAGMENT_TAIL,刘刚（省直）,,,DEFERRED_CANONICAL_IDENTITY_REPAIR_REQUIRED,A,https://www.acfic.org.cn/ztzlhz/2022gslhj/2022gslhj_ha/202208/t20220829_113897.html,Canonical person_id is attached to a malformed source fragment/compound row; assigning current organization/title before canonical split/merge risks cross-person contamination. Identity candidates are evidence-backed and carried forward to structural conflict resolution.
80,FC2515-P16-R0251,河南,251,FRAGMENT_HEAD,许冉（女）,,,DEFERRED_CANONICAL_IDENTITY_REPAIR_REQUIRED,A,https://www.acfic.org.cn/ztzlhz/2022gslhj/2022gslhj_ha/202208/t20220829_113897.html,Canonical person_id is attached to a malformed source fragment/compound row; assigning current organization/title before canonical split/merge risks cross-person contamination. Identity candidates are evidence-backed and carried forward to structural conflict resolution.
81,FC2515-P16-R0252,河南,252,FRAGMENT_TAIL,许冉（女）,,,DEFERRED_CANONICAL_IDENTITY_REPAIR_REQUIRED,A,https://www.acfic.org.cn/ztzlhz/2022gslhj/2022gslhj_ha/202208/t20220829_113897.html,Canonical person_id is attached to a malformed source fragment/compound row; assigning current organization/title before canonical split/merge risks cross-person contamination. Identity candidates are evidence-backed and carried forward to structural conflict resolution.
82,FC2515-P16-R0253,河南,253,SHIFT_FRAGMENT,许锐,,,DEFERRED_CANONICAL_IDENTITY_REPAIR_REQUIRED,A,https://www.acfic.org.cn/ztzlhz/2022gslhj/2022gslhj_ha/202208/t20220829_113897.html,Canonical person_id is attached to a malformed source fragment/compound row; assigning current organization/title before canonical split/merge risks cross-person contamination. Identity candidates are evidence-backed and carried forward to structural conflict resolution.
83,FC2515-P16-R0255,河南,255,SHIFT_FRAGMENT,孙浩,,,DEFERRED_CANONICAL_IDENTITY_REPAIR_REQUIRED,A,https://www.acfic.org.cn/ztzlhz/2022gslhj/2022gslhj_ha/202208/t20220829_113897.html,Canonical person_id is attached to a malformed source fragment/compound row; assigning current organization/title before canonical split/merge risks cross-person contamination. Identity candidates are evidence-backed and carried forward to structural conflict resolution.
84,FC2515-P16-R0266,河南,266,FRAGMENT_HEAD,李林（女）,,,DEFERRED_CANONICAL_IDENTITY_REPAIR_REQUIRED,A,https://www.acfic.org.cn/ztzlhz/2022gslhj/2022gslhj_ha/202208/t20220829_113897.html,Canonical person_id is attached to a malformed source fragment/compound row; assigning current organization/title before canonical split/merge risks cross-person contamination. Identity candidates are evidence-backed and carried forward to structural conflict resolution.
85,FC2515-P16-R0267,河南,267,FRAGMENT_TAIL,李林（女）,,,DEFERRED_CANONICAL_IDENTITY_REPAIR_REQUIRED,A,https://www.acfic.org.cn/ztzlhz/2022gslhj/2022gslhj_ha/202208/t20220829_113897.html,Canonical person_id is attached to a malformed source fragment/compound row; assigning current organization/title before canonical split/merge risks cross-person contamination. Identity candidates are evidence-backed and carried forward to structural conflict resolution.
86,FC2515-P16-R0268,河南,268,FRAGMENT_HEAD,李建,,,DEFERRED_CANONICAL_IDENTITY_REPAIR_REQUIRED,A,https://www.acfic.org.cn/ztzlhz/2022gslhj/2022gslhj_ha/202208/t20220829_113897.html,Canonical person_id is attached to a malformed source fragment/compound row; assigning current organization/title before canonical split/merge risks cross-person contamination. Identity candidates are evidence-backed and carried forward to structural conflict resolution.
87,FC2515-P16-R0269,河南,269,FRAGMENT_TAIL,李建,,,DEFERRED_CANONICAL_IDENTITY_REPAIR_REQUIRED,A,https://www.acfic.org.cn/ztzlhz/2022gslhj/2022gslhj_ha/202208/t20220829_113897.html,Canonical person_id is attached to a malformed source fragment/compound row; assigning current organization/title before canonical split/merge risks cross-person contamination. Identity candidates are evidence-backed and carried forward to structural conflict resolution.
88,FC2515-P16-R0271,河南,271,CONTAMINATED_MULTIPERSON,李莉（女）|李涛,,,DEFERRED_CANONICAL_IDENTITY_REPAIR_REQUIRED,A,https://www.acfic.org.cn/ztzlhz/2022gslhj/2022gslhj_ha/202208/t20220829_113897.html,Canonical person_id is attached to a malformed source fragment/compound row; assigning current organization/title before canonical split/merge risks cross-person contamination. Identity candidates are evidence-backed and carried forward to structural conflict resolution.
89,FC2515-P16-R0318,河南,318,SHIFT_FRAGMENT,张彪,,,DEFERRED_CANONICAL_IDENTITY_REPAIR_REQUIRED,A,https://www.acfic.org.cn/ztzlhz/2022gslhj/2022gslhj_ha/202208/t20220829_113897.html,Canonical person_id is attached to a malformed source fragment/compound row; assigning current organization/title before canonical split/merge risks cross-person contamination. Identity candidates are evidence-backed and carried forward to structural conflict resolution.
90,FC2515-P16-R0320,河南,320,SHIFT_FRAGMENT,张康,,,DEFERRED_CANONICAL_IDENTITY_REPAIR_REQUIRED,A,https://www.acfic.org.cn/ztzlhz/2022gslhj/2022gslhj_ha/202208/t20220829_113897.html,Canonical person_id is attached to a malformed source fragment/compound row; assigning current organization/title before canonical split/merge risks cross-person contamination. Identity candidates are evidence-backed and carried forward to structural conflict resolution.
91,FC2515-P16-R0322,河南,322,FRAGMENT_HEAD,张辉（女）,,,DEFERRED_CANONICAL_IDENTITY_REPAIR_REQUIRED,A,https://www.acfic.org.cn/ztzlhz/2022gslhj/2022gslhj_ha/202208/t20220829_113897.html,Canonical person_id is attached to a malformed source fragment/compound row; assigning current organization/title before canonical split/merge risks cross-person contamination. Identity candidates are evidence-backed and carried forward to structural conflict resolution.
92,FC2515-P16-R0323,河南,323,FRAGMENT_TAIL,张辉（女）,,,DEFERRED_CANONICAL_IDENTITY_REPAIR_REQUIRED,A,https://www.acfic.org.cn/ztzlhz/2022gslhj/2022gslhj_ha/202208/t20220829_113897.html,Canonical person_id is attached to a malformed source fragment/compound row; assigning current organization/title before canonical split/merge risks cross-person contamination. Identity candidates are evidence-backed and carried forward to structural conflict resolution.
93,FC2515-P16-R0324,河南,324,SHIFT_FRAGMENT,张斌,,,DEFERRED_CANONICAL_IDENTITY_REPAIR_REQUIRED,A,https://www.acfic.org.cn/ztzlhz/2022gslhj/2022gslhj_ha/202208/t20220829_113897.html,Canonical person_id is attached to a malformed source fragment/compound row; assigning current organization/title before canonical split/merge risks cross-person contamination. Identity candidates are evidence-backed and carried forward to structural conflict resolution.
94,FC2515-P16-R0326,河南,326,SHIFT_FRAGMENT,张慧（女）,,,DEFERRED_CANONICAL_IDENTITY_REPAIR_REQUIRED,A,https://www.acfic.org.cn/ztzlhz/2022gslhj/2022gslhj_ha/202208/t20220829_113897.html,Canonical person_id is attached to a malformed source fragment/compound row; assigning current organization/title before canonical split/merge risks cross-person contamination. Identity candidates are evidence-backed and carried forward to structural conflict resolution.
95,FC2515-P16-R0413,河南,413,SHIFT_FRAGMENT,徐瑞,,,DEFERRED_CANONICAL_IDENTITY_REPAIR_REQUIRED,A,https://www.acfic.org.cn/ztzlhz/2022gslhj/2022gslhj_ha/202208/t20220829_113897.html,Canonical person_id is attached to a malformed source fragment/compound row; assigning current organization/title before canonical split/merge risks cross-person contamination. Identity candidates are evidence-backed and carried forward to structural conflict resolution.
96,FC2515-P16-R0424,河南,424,SHIFT_FRAGMENT,郭锐,,,DEFERRED_CANONICAL_IDENTITY_REPAIR_REQUIRED,A,https://www.acfic.org.cn/ztzlhz/2022gslhj/2022gslhj_ha/202208/t20220829_113897.html,Canonical person_id is attached to a malformed source fragment/compound row; assigning current organization/title before canonical split/merge risks cross-person contamination. Identity candidates are evidence-backed and carried forward to structural conflict resolution.
97,FC2515-P16-R0429,河南,429,FRAGMENT_HEAD,黄梅（女）,,,DEFERRED_CANONICAL_IDENTITY_REPAIR_REQUIRED,A,https://www.acfic.org.cn/ztzlhz/2022gslhj/2022gslhj_ha/202208/t20220829_113897.html,Canonical person_id is attached to a malformed source fragment/compound row; assigning current organization/title before canonical split/merge risks cross-person contamination. Identity candidates are evidence-backed and carried forward to structural conflict resolution.
98,FC2515-P16-R0430,河南,430,FRAGMENT_TAIL,黄梅（女）,,,DEFERRED_CANONICAL_IDENTITY_REPAIR_REQUIRED,A,https://www.acfic.org.cn/ztzlhz/2022gslhj/2022gslhj_ha/202208/t20220829_113897.html,Canonical person_id is attached to a malformed source fragment/compound row; assigning current organization/title before canonical split/merge risks cross-person contamination. Identity candidates are evidence-backed and carried forward to structural conflict resolution.
99,FC2515-P16-R0438,河南,438,SHIFT_FRAGMENT,常远,,,DEFERRED_CANONICAL_IDENTITY_REPAIR_REQUIRED,A,https://www.acfic.org.cn/ztzlhz/2022gslhj/2022gslhj_ha/202208/t20220829_113897.html,Canonical person_id is attached to a malformed source fragment/compound row; assigning current organization/title before canonical split/merge risks cross-person contamination. Identity candidates are evidence-backed and carried forward to structural conflict resolution.
100,FC2515-P16-R0440,河南,440,SHIFT_FRAGMENT,常诚,,,DEFERRED_CANONICAL_IDENTITY_REPAIR_REQUIRED,A,https://www.acfic.org.cn/ztzlhz/2022gslhj/2022gslhj_ha/202208/t20220829_113897.html,Canonical person_id is attached to a malformed source fragment/compound row; assigning current organization/title before canonical split/merge risks cross-person contamination. Identity candidates are evidence-backed and carried forward to structural conflict resolution.
101,FC2515-P19-R0611,广东,611,MULTIPERSON_SOURCE_ROW,何凯玲（女）|陈美仪（女）,,,DEFERRED_CANONICAL_IDENTITY_REPAIR_REQUIRED,A,https://www.acfic.org.cn/ztzlhz/2022gslhj/2022gslhj_gd/202209/t20220919_313061.html,Canonical person_id is attached to a malformed source fragment/compound row; assigning current organization/title before canonical split/merge risks cross-person contamination. Identity candidates are evidence-backed and carried forward to structural conflict resolution.
102,FC2515-P01-R0003,北京,3,CROSS_ROLE_IDENTITY_SUPPORTED,李振坤,北京市工商业联合会,党组成员、副主席,CURRENT_ORG_TITLE_CONFIRMED,A,https://www.bjzx.gov.cn/zxgz/dptt/202503/t20250311_51847.html,
103,FC2515-P01-R0006,北京,6,CROSS_ROLE_IDENTITY_SUPPORTED,李振坤,北京市工商业联合会,党组成员、副主席,CURRENT_ORG_TITLE_CONFIRMED,A,https://www.bjzx.gov.cn/zxgz/dptt/202503/t20250311_51847.html,
104,FC2515-P02-R0074,上海,74,CROSS_ROLE_IDENTITY_SUPPORTED,黄震,上海豫园旅游商城（集团）股份有限公司,董事长,CURRENT_ORG_TITLE_CONFIRMED,A,https://www.fosun.com/content/details46_5107.html,
105,FC2515-P02-R0086,上海,86,CROSS_ROLE_IDENTITY_CANDIDATE,刘策,,,UNRESOLVED_CURRENT_ORG_TITLE,B,https://www.eeo.com.cn/2025/0606/730678.shtml,"2025 evidence identifies 刘策 as 上海龙宇数据股份有限公司董事、总经理, but the company subsequently delisted and no sufficiently fresh A/B source was found for the current role."
106,FC2515-P02-R0087,上海,87,CROSS_ROLE_IDENTITY_SUPPORTED,刘建民,上海金磐拍卖有限公司,董事长,CURRENT_ORG_TITLE_CONFIRMED,B,https://news.sjtu.edu.cn/zhxw/20260331/221008.html,
107,FC2515-P02-R0093,上海,93,CROSS_ROLE_IDENTITY_SUPPORTED,吕名礼,上海华维可控农业科技集团股份有限公司,董事长,CURRENT_ORG_TITLE_CONFIRMED,A,https://www.yzcity.gov.cn/cnyz/yzmr/202607/82ee3e4794ed439f893cf142135c923d.shtml,
108,FC2515-P02-R0197,上海,197,CROSS_ROLE_IDENTITY_SUPPORTED,黄震,上海豫园旅游商城（集团）股份有限公司,董事长,CURRENT_ORG_TITLE_CONFIRMED,A,https://www.fosun.com/content/details46_5107.html,
109,FC2515-P02-R0224,上海,224,CROSS_ROLE_IDENTITY_CANDIDATE,刘策,,,UNRESOLVED_CURRENT_ORG_TITLE,B,https://www.eeo.com.cn/2025/0606/730678.shtml,"2025 evidence identifies 刘策 as 上海龙宇数据股份有限公司董事、总经理, but the company subsequently delisted and no sufficiently fresh A/B source was found for the current role."
110,FC2515-P02-R0227,上海,227,CROSS_ROLE_IDENTITY_SUPPORTED,刘建民,上海金磐拍卖有限公司,董事长,CURRENT_ORG_TITLE_CONFIRMED,B,https://news.sjtu.edu.cn/zhxw/20260331/221008.html,
111,FC2515-P02-R0233,上海,233,CROSS_ROLE_IDENTITY_SUPPORTED,吕名礼,上海华维可控农业科技集团股份有限公司,董事长,CURRENT_ORG_TITLE_CONFIRMED,A,https://www.yzcity.gov.cn/cnyz/yzmr/202607/82ee3e4794ed439f893cf142135c923d.shtml,
112,FC2515-P03-R0044,天津,44,DISTINCT_PERSON_BY_SOURCE_QUALIFIER,王磊（南开）,天津市南开区青年商会,会长,CURRENT_ORG_TITLE_CONFIRMED,A,https://www.tjfic.com/system/2026/04/15/030058015.shtml,
113,FC2515-P03-R0045,天津,45,DISTINCT_PERSON_BY_SOURCE_QUALIFIER,王磊（蓟州）,天津磊航集团有限公司,董事长,CURRENT_ORG_TITLE_CONFIRMED,A,https://www.tjtzb.org.cn/system/2025/03/11/030047675.shtml,
114,FC2515-P03-R0148,天津,148,DISTINCT_PERSON_BY_SOURCE_QUALIFIER,李刚（新区）,,,UNRESOLVED_CURRENT_ORG_TITLE,A,https://www.tjfic.com/system/2022/08/11/030020014.shtml,No reliable current employer/title A/B evidence found in this batch; retain source qualifier 新区 and do not merge with 武清同名.
115,FC2515-P03-R0149,天津,149,DISTINCT_PERSON_BY_SOURCE_QUALIFIER,李刚（武清）,,,UNRESOLVED_CURRENT_ORG_TITLE,A,https://www.tjfic.com/system/2022/08/11/030020014.shtml,No reliable current employer/title A/B evidence found in this batch; retain source qualifier 武清 and do not merge with 新区同名.
116,FC2515-P04-R0009,重庆,9,CURRENT_PUBLIC_ROLE_IDENTIFIED,陈为贤,重庆市开州区工商业联合会（总商会）,主席（会长）,CURRENT_ORG_TITLE_CONFIRMED,A,https://www.cqtzb.gov.cn/web/article/1415774757412163584/web/content_1415774757412163584.html,
117,FC2515-P04-R0028,重庆,28,CURRENT_ENTERPRISE_ROLE_IDENTIFIED,李云强,重庆南商投资（集团）有限公司,董事长,CURRENT_ORG_TITLE_CONFIRMED,A,https://www.cqtzb.gov.cn/web/article/1415775604187615232/web/content_1415775604187615232.html,
118,FC2515-P04-R0041,重庆,41,IDENTITY_ONLY_OFFICIAL_ROSTER,乔澍,,,UNRESOLVED_CURRENT_ORG_TITLE,A,https://www.acfic.org.cn/ztzlhz/2022gslhj/2022gslhj_cq/202207/t20220715_312763.html,No sufficiently specific A/B current employer/title evidence found; name-only matches are not accepted.
119,FC2515-P04-R0124,重庆,124,AMBIGUITY_PRESERVED_WITH_QUALIFIER,王敏（女）,,,UNRESOLVED_CURRENT_ORG_TITLE,A,https://www.acfic.org.cn/ztzlhz/2022gslhj/2022gslhj_cq/202207/t20220715_312763.html,Current enterprise/title not written because same-name ambiguity exists and available enterprise-role evidence is not sufficiently current.
120,FC2515-P04-R0147,重庆,147,CURRENT_PUBLIC_ROLE_IDENTIFIED,陈为贤,重庆市开州区工商业联合会（总商会）,主席（会长）,CURRENT_ORG_TITLE_CONFIRMED,A,https://www.cqtzb.gov.cn/web/article/1415774757412163584/web/content_1415774757412163584.html,
121,FC2515-P04-R0205,重庆,205,CROSS_ROLE_IDENTITY_SUPPORTED,李云强,重庆南商投资（集团）有限公司,董事长,CURRENT_ORG_TITLE_CONFIRMED,A,https://www.cqtzb.gov.cn/web/article/1415775604187615232/web/content_1415775604187615232.html,
122,FC2515-P04-R0242,重庆,242,IDENTITY_ONLY_OFFICIAL_ROSTER,乔澍,,,UNRESOLVED_CURRENT_ORG_TITLE,A,https://www.acfic.org.cn/ztzlhz/2022gslhj/2022gslhj_cq/202207/t20220715_312763.html,"Official federation roster confirms this source identity/role, but no sufficiently current and specific A/B employer-title evidence was found in this batch; name-only matches were rejected."
123,FC2515-P04-R0268,重庆,268,AMBIGUOUS_SAME_NAME_OFFICIAL_ROSTER,王敏（女）|王敏（MBA）（女）,,,UNRESOLVED_CURRENT_ORG_TITLE,A,https://www.acfic.org.cn/ztzlhz/2022gslhj/2022gslhj_cq/202207/t20220715_312763.html,Same-name ambiguity remains between official-roster entries 王敏（女） and 王敏（MBA）（女）; current employment is not assigned by name alone.
124,FC2515-P05-R0002,河北,2,CURRENT_PUBLIC_ROLE_IDENTIFIED,时清霜,河北省工商业联合会,主席,CURRENT_ORG_TITLE_CONFIRMED,A,https://wap.acfic.org.cn/qlyw_13743/202603/t20260329_325280.html,
125,FC2515-P05-R0003,河北,3,CURRENT_PUBLIC_ROLE_IDENTIFIED,李红录,河北省工商业联合会,党组书记、常务副主席,CURRENT_ORG_TITLE_CONFIRMED,A,https://www.hbtzb.gov.cn/system/2026/03/30/030379294.shtml,
126,FC2515-P05-R0004,河北,4,CURRENT_PUBLIC_ROLE_IDENTIFIED,曲斌,河北省工商业联合会,一级巡视员,CURRENT_ORG_TITLE_CONFIRMED,A,https://www.baoding.gov.cn/content-173-538815.html,
127,FC2515-P05-R0005,河北,5,CURRENT_PUBLIC_ROLE_IDENTIFIED,张京红,河北省工商业联合会,副主席,CURRENT_ORG_TITLE_CONFIRMED,A,https://www.acfic.org.cn/gdgslgz/hb/bjgslgz/202503/t20250307_252646.html,
128,FC2515-P05-R0006,河北,6,CURRENT_PUBLIC_ROLE_IDENTIFIED,尚得志,河北省工商业联合会,党组成员、副主席,CURRENT_ORG_TITLE_CONFIRMED,A,https://www.xiongan.gov.cn/20260122/60b24034dae34f7e89df3f3d274a13f7/c.html,
129,FC2515-P05-R0007,河北,7,IDENTITY_ONLY_OFFICIAL_ROSTER,张建华,,,UNRESOLVED_CURRENT_ORG_TITLE,A,https://www.acfic.org.cn/ztzlhz/2022gslhj/2022gslhj_he/202207/t20220715_312762.html,"Official federation roster confirms this source identity/role, but no sufficiently current and specific A/B employer-title evidence was found in this batch; name-only matches were rejected."
130,FC2515-P05-R0008,河北,8,CROSS_SOURCE_IDENTITY_BY_FEDERATION_CONTEXT,吴相君,石家庄以岭药业股份有限公司,董事长,CURRENT_ORG_TITLE_CONFIRMED,A,https://wap.acfic.org.cn/gdgslgz_14277/202509/t20250915_321374.html,
131,FC2515-P05-R0009,河北,9,IDENTITY_ONLY_OFFICIAL_ROSTER,吕洪涛,,,UNRESOLVED_CURRENT_ORG_TITLE,A,https://www.acfic.org.cn/ztzlhz/2022gslhj/2022gslhj_he/202207/t20220715_312762.html,"Official federation roster confirms this source identity/role, but no sufficiently current and specific A/B employer-title evidence was found in this batch; name-only matches were rejected."
132,FC2515-P05-R0010,河北,10,CURRENT_ENTERPRISE_ROLE_IDENTIFIED,于树中,河北叁陆伍网络科技集团有限公司,董事长,CURRENT_ORG_TITLE_CONFIRMED,A,https://www.acfic.org.cn/ztzlhz/myqyzth2025/myqyzth2025_xxgc/202502/t20250228_313701.html,
133,FC2515-P05-R0011,河北,11,IDENTITY_ONLY_OFFICIAL_ROSTER,贾锋,,,UNRESOLVED_CURRENT_ORG_TITLE,A,https://www.acfic.org.cn/ztzlhz/2022gslhj/2022gslhj_he/202207/t20220715_312762.html,"Official federation roster confirms this source identity/role, but no sufficiently current and specific A/B employer-title evidence was found in this batch; name-only matches were rejected."
134,FC2515-P05-R0012,河北,12,IDENTITY_ONLY_OFFICIAL_ROSTER,杨晓勇,,,UNRESOLVED_CURRENT_ORG_TITLE,A,https://www.acfic.org.cn/ztzlhz/2022gslhj/2022gslhj_he/202207/t20220715_312762.html,"Official federation roster confirms this source identity/role, but no sufficiently current and specific A/B employer-title evidence was found in this batch; name-only matches were rejected."
135,FC2515-P05-R0013,河北,13,CURRENT_ENTERPRISE_ROLE_IDENTIFIED,王树华,冀南钢铁集团有限公司,党委书记、董事长,CURRENT_ORG_TITLE_CONFIRMED,B,https://finance.sina.com.cn/roll/2025-07-21/doc-infheqea8318974.shtml,
136,FC2515-P05-R0014,河北,14,IDENTITY_ONLY_OFFICIAL_ROSTER,田纯刚,,,UNRESOLVED_CURRENT_ORG_TITLE,A,https://www.acfic.org.cn/ztzlhz/2022gslhj/2022gslhj_he/202207/t20220715_312762.html,"Official federation roster confirms this source identity/role, but no sufficiently current and specific A/B employer-title evidence was found in this batch; name-only matches were rejected."
137,FC2515-P05-R0015,河北,15,IDENTITY_ONLY_OFFICIAL_ROSTER,魏立华,,,UNRESOLVED_CURRENT_ORG_TITLE,A,https://www.acfic.org.cn/ztzlhz/2022gslhj/2022gslhj_he/202207/t20220715_312762.html,"Official federation roster confirms this source identity/role, but no sufficiently current and specific A/B employer-title evidence was found in this batch; name-only matches were rejected."
138,FC2515-P05-R0016,河北,16,IDENTITY_ONLY_OFFICIAL_ROSTER,潘卫东,,,UNRESOLVED_CURRENT_ORG_TITLE,A,https://www.acfic.org.cn/ztzlhz/2022gslhj/2022gslhj_he/202207/t20220715_312762.html,"Official federation roster confirms this source identity/role, but no sufficiently current and specific A/B employer-title evidence was found in this batch; name-only matches were rejected."
139,FC2515-P05-R0017,河北,17,IDENTITY_ONLY_OFFICIAL_ROSTER,尤文武,,,UNRESOLVED_CURRENT_ORG_TITLE,A,https://www.acfic.org.cn/ztzlhz/2022gslhj/2022gslhj_he/202207/t20220715_312762.html,"Official federation roster confirms this source identity/role, but no sufficiently current and specific A/B employer-title evidence was found in this batch; name-only matches were rejected."
140,FC2515-P05-R0018,河北,18,CURRENT_ENTERPRISE_ROLE_IDENTIFIED,桑树军,中红普林医疗用品股份有限公司,董事长,CURRENT_ORG_TITLE_CONFIRMED,A,https://disc.static.szse.cn/download/disc/disk03/finalpage/2026-04-27/8a9f5ea0-0d7d-458b-9a49-4ddc5cd8a54b.PDF,
141,FC2515-P05-R0019,河北,19,CURRENT_ENTERPRISE_ROLE_IDENTIFIED,韩力,江苏神通阀门股份有限公司,董事长,CURRENT_ORG_TITLE_CONFIRMED,B,https://www.sohu.com/a/1070086390_122014422,
142,FC2515-P05-R0020,河北,20,CROSS_SOURCE_IDENTITY_BY_FEDERATION_CONTEXT,孟宪明,北京以东科技有限公司,董事长,CURRENT_ORG_TITLE_CONFIRMED,A,https://wap.acfic.org.cn/gdgslgz_14277/202509/t20250915_321374.html,
143,FC2515-P05-R0021,河北,21,CURRENT_ENTERPRISE_ROLE_IDENTIFIED,米亚林,首衡集团,董事长,CURRENT_ORG_TITLE_CONFIRMED,A,https://www.sunhola.cn/newsd-108471.html,
144,FC2515-P05-R0022,河北,22,CURRENT_ENTERPRISE_ROLE_IDENTIFIED,倪海琼,河北奥润顺达窗业有限公司,总裁,CURRENT_ORG_TITLE_CONFIRMED,B,https://finance.eastmoney.com/a/202603083665262811.html,
145,FC2515-P05-R0023,河北,23,CURRENT_ENTERPRISE_ROLE_IDENTIFIED,詹国海,河北鑫海控股集团有限公司,董事长,CURRENT_ORG_TITLE_CONFIRMED,B,https://heb.hebccw.cn/system/2026/03/04/102158454.shtml,
146,FC2515-P05-R0024,河北,24,IDENTITY_ONLY_OFFICIAL_ROSTER,贺素成,,,UNRESOLVED_CURRENT_ORG_TITLE,A,https://www.acfic.org.cn/ztzlhz/2022gslhj/2022gslhj_he/202207/t20220715_312762.html,"Official federation roster confirms this source identity/role, but no sufficiently current and specific A/B employer-title evidence was found in this batch; name-only matches were rejected."
147,FC2515-P05-R0025,河北,25,CURRENT_ENTERPRISE_ROLE_IDENTIFIED,姚奎章,河北养元智汇饮品股份有限公司,董事长,CURRENT_ORG_TITLE_CONFIRMED,B,https://m.sohu.com/a/1068091023_122014422,
148,FC2515-P05-R0026,河北,26,IDENTITY_ONLY_OFFICIAL_ROSTER,张洪顺,,,UNRESOLVED_CURRENT_ORG_TITLE,A,https://www.acfic.org.cn/ztzlhz/2022gslhj/2022gslhj_he/202207/t20220715_312762.html,"Official federation roster confirms this source identity/role, but no sufficiently current and specific A/B employer-title evidence was found in this batch; name-only matches were rejected."
149,FC2515-P05-R0027,河北,27,IDENTITY_ONLY_OFFICIAL_ROSTER,王英其,,,UNRESOLVED_CURRENT_ORG_TITLE,A,https://www.acfic.org.cn/ztzlhz/2022gslhj/2022gslhj_he/202207/t20220715_312762.html,"Official federation roster confirms this source identity/role, but no sufficiently current and specific A/B employer-title evidence was found in this batch; name-only matches were rejected."
150,FC2515-P05-R0028,河北,28,IDENTITY_ONLY_OFFICIAL_ROSTER,宣武兵,,,UNRESOLVED_CURRENT_ORG_TITLE,A,https://www.acfic.org.cn/ztzlhz/2022gslhj/2022gslhj_he/202207/t20220715_312762.html,"Official federation roster confirms this source identity/role, but no sufficiently current and specific A/B employer-title evidence was found in this batch; name-only matches were rejected."
151,FC2515-P05-R0029,河北,29,IDENTITY_ONLY_OFFICIAL_ROSTER,康文哲,,,UNRESOLVED_CURRENT_ORG_TITLE,A,https://www.acfic.org.cn/ztzlhz/2022gslhj/2022gslhj_he/202207/t20220715_312762.html,"Official federation roster confirms this source identity/role, but no sufficiently current and specific A/B employer-title evidence was found in this batch; name-only matches were rejected."
152,FC2515-P05-R0030,河北,30,CURRENT_ENTERPRISE_ROLE_IDENTIFIED,苏学军,石家庄四药有限公司,董事长,CURRENT_ORG_TITLE_CONFIRMED,A,https://www.acfic.org.cn/ztzlhz/myqyzth2025/myqyzth2025_xxgc/202502/t20250228_313701.html,
153,FC2515-P05-R0031,河北,31,IDENTITY_ONLY_OFFICIAL_ROSTER,胡坤,,,UNRESOLVED_CURRENT_ORG_TITLE,A,https://www.acfic.org.cn/ztzlhz/2022gslhj/2022gslhj_he/202207/t20220715_312762.html,"Official federation roster confirms this source identity/role, but no sufficiently current and specific A/B employer-title evidence was found in this batch; name-only matches were rejected."
154,FC2515-P05-R0032,河北,32,IDENTITY_ONLY_OFFICIAL_ROSTER,周超男,,,UNRESOLVED_CURRENT_ORG_TITLE,A,https://www.acfic.org.cn/ztzlhz/2022gslhj/2022gslhj_he/202207/t20220715_312762.html,"Official federation roster confirms this source identity/role, but no sufficiently current and specific A/B employer-title evidence was found in this batch; name-only matches were rejected."
155,FC2515-P05-R0033,河北,33,IDENTITY_ONLY_OFFICIAL_ROSTER,杨壹名,,,UNRESOLVED_CURRENT_ORG_TITLE,A,https://www.acfic.org.cn/ztzlhz/2022gslhj/2022gslhj_he/202207/t20220715_312762.html,"Official federation roster confirms this source identity/role, but no sufficiently current and specific A/B employer-title evidence was found in this batch; name-only matches were rejected."
156,FC2515-P05-R0034,河北,34,IDENTITY_ONLY_OFFICIAL_ROSTER,张海,,,UNRESOLVED_CURRENT_ORG_TITLE,A,https://www.acfic.org.cn/ztzlhz/2022gslhj/2022gslhj_he/202207/t20220715_312762.html,"Official federation roster confirms this source identity/role, but no sufficiently current and specific A/B employer-title evidence was found in this batch; name-only matches were rejected."
157,FC2515-P05-R0035,河北,35,IDENTITY_ONLY_OFFICIAL_ROSTER,卢庆国,,,UNRESOLVED_CURRENT_ORG_TITLE,A,https://www.acfic.org.cn/ztzlhz/2022gslhj/2022gslhj_he/202207/t20220715_312762.html,"Official federation roster confirms this source identity/role, but no sufficiently current and specific A/B employer-title evidence was found in this batch; name-only matches were rejected."
158,FC2515-P05-R0036,河北,36,IDENTITY_ONLY_OFFICIAL_ROSTER,屈国旺,,,UNRESOLVED_CURRENT_ORG_TITLE,A,https://www.acfic.org.cn/ztzlhz/2022gslhj/2022gslhj_he/202207/t20220715_312762.html,"Official federation roster confirms this source identity/role, but no sufficiently current and specific A/B employer-title evidence was found in this batch; name-only matches were rejected."
159,FC2515-P05-R0037,河北,37,IDENTITY_ONLY_OFFICIAL_ROSTER,李志永,,,UNRESOLVED_CURRENT_ORG_TITLE,A,https://www.acfic.org.cn/ztzlhz/2022gslhj/2022gslhj_he/202207/t20220715_312762.html,"Official federation roster confirms this source identity/role, but no sufficiently current and specific A/B employer-title evidence was found in this batch; name-only matches were rejected."
160,FC2515-P05-R0038,河北,38,IDENTITY_ONLY_OFFICIAL_ROSTER,林东旭,,,UNRESOLVED_CURRENT_ORG_TITLE,A,https://www.acfic.org.cn/ztzlhz/2022gslhj/2022gslhj_he/202207/t20220715_312762.html,"Official federation roster confirms this source identity/role, but no sufficiently current and specific A/B employer-title evidence was found in this batch; name-only matches were rejected."
161,FC2515-P05-R0039,河北,39,IDENTITY_ONLY_OFFICIAL_ROSTER,张书军,,,UNRESOLVED_CURRENT_ORG_TITLE,A,https://www.acfic.org.cn/ztzlhz/2022gslhj/2022gslhj_he/202207/t20220715_312762.html,"Official federation roster confirms this source identity/role, but no sufficiently current and specific A/B employer-title evidence was found in this batch; name-only matches were rejected."
162,FC2515-P05-R0040,河北,40,IDENTITY_ONLY_OFFICIAL_ROSTER,叶逢光,,,UNRESOLVED_CURRENT_ORG_TITLE,A,https://www.acfic.org.cn/ztzlhz/2022gslhj/2022gslhj_he/202207/t20220715_312762.html,"Official federation roster confirms this source identity/role, but no sufficiently current and specific A/B employer-title evidence was found in this batch; name-only matches were rejected."
163,FC2515-P05-R0041,河北,41,IDENTITY_ONLY_OFFICIAL_ROSTER,石晟阳,,,UNRESOLVED_CURRENT_ORG_TITLE,A,https://www.acfic.org.cn/ztzlhz/2022gslhj/2022gslhj_he/202207/t20220715_312762.html,"Official federation roster confirms this source identity/role, but no sufficiently current and specific A/B employer-title evidence was found in this batch; name-only matches were rejected."
164,FC2515-P05-R0042,河北,42,IDENTITY_ONLY_OFFICIAL_ROSTER,姚军战,,,UNRESOLVED_CURRENT_ORG_TITLE,A,https://www.acfic.org.cn/ztzlhz/2022gslhj/2022gslhj_he/202207/t20220715_312762.html,"Official federation roster confirms this source identity/role, but no sufficiently current and specific A/B employer-title evidence was found in this batch; name-only matches were rejected."
165,FC2515-P05-R0043,河北,43,IDENTITY_ONLY_OFFICIAL_ROSTER,李高斯,,,UNRESOLVED_CURRENT_ORG_TITLE,A,https://www.acfic.org.cn/ztzlhz/2022gslhj/2022gslhj_he/202207/t20220715_312762.html,"Official federation roster confirms this source identity/role, but no sufficiently current and specific A/B employer-title evidence was found in this batch; name-only matches were rejected."
166,FC2515-P05-R0044,河北,44,IDENTITY_ONLY_OFFICIAL_ROSTER,丁圣沧,,,UNRESOLVED_CURRENT_ORG_TITLE,A,https://www.acfic.org.cn/ztzlhz/2022gslhj/2022gslhj_he/202207/t20220715_312762.html,"Official federation roster confirms this source identity/role, but no sufficiently current and specific A/B employer-title evidence was found in this batch; name-only matches were rejected."
167,FC2515-P05-R0045,河北,45,IDENTITY_ONLY_OFFICIAL_ROSTER,孟连周,,,UNRESOLVED_CURRENT_ORG_TITLE,A,https://www.acfic.org.cn/ztzlhz/2022gslhj/2022gslhj_he/202207/t20220715_312762.html,"Official federation roster confirms this source identity/role, but no sufficiently current and specific A/B employer-title evidence was found in this batch; name-only matches were rejected."
168,FC2515-P05-R0046,河北,46,IDENTITY_ONLY_OFFICIAL_ROSTER,魏海金,,,UNRESOLVED_CURRENT_ORG_TITLE,A,https://www.acfic.org.cn/ztzlhz/2022gslhj/2022gslhj_he/202207/t20220715_312762.html,"Official federation roster confirms this source identity/role, but no sufficiently current and specific A/B employer-title evidence was found in this batch; name-only matches were rejected."
169,FC2515-P05-R0047,河北,47,CURRENT_ENTERPRISE_ROLE_IDENTIFIED,郭龙鑫,河北普阳钢铁有限公司,董事长,CURRENT_ORG_TITLE_CONFIRMED,A,https://gxt.hebei.gov.cn/hbgyhxxht/xwzx32/snxw40/2025073109151955704/index.html,
170,FC2515-P05-R0048,河北,48,IDENTITY_ONLY_OFFICIAL_ROSTER,王力崇,,,UNRESOLVED_CURRENT_ORG_TITLE,A,https://www.acfic.org.cn/ztzlhz/2022gslhj/2022gslhj_he/202207/t20220715_312762.html,"Official federation roster confirms this source identity/role, but no sufficiently current and specific A/B employer-title evidence was found in this batch; name-only matches were rejected."
171,FC2515-P05-R0049,河北,49,IDENTITY_ONLY_OFFICIAL_ROSTER,周军,,,UNRESOLVED_CURRENT_ORG_TITLE,A,https://www.acfic.org.cn/ztzlhz/2022gslhj/2022gslhj_he/202207/t20220715_312762.html,"Official federation roster confirms this source identity/role, but no sufficiently current and specific A/B employer-title evidence was found in this batch; name-only matches were rejected."
172,FC2515-P05-R0050,河北,50,IDENTITY_ONLY_OFFICIAL_ROSTER,高彦明,,,UNRESOLVED_CURRENT_ORG_TITLE,A,https://www.acfic.org.cn/ztzlhz/2022gslhj/2022gslhj_he/202207/t20220715_312762.html,"Official federation roster confirms this source identity/role, but no sufficiently current and specific A/B employer-title evidence was found in this batch; name-only matches were rejected."
173,FC2515-P05-R0051,河北,51,IDENTITY_ONLY_OFFICIAL_ROSTER,马兵,,,UNRESOLVED_CURRENT_ORG_TITLE,A,https://www.acfic.org.cn/ztzlhz/2022gslhj/2022gslhj_he/202207/t20220715_312762.html,"Official federation roster confirms this source identity/role, but no sufficiently current and specific A/B employer-title evidence was found in this batch; name-only matches were rejected."
174,FC2515-P05-R0052,河北,52,IDENTITY_ONLY_OFFICIAL_ROSTER,马忠华,,,UNRESOLVED_CURRENT_ORG_TITLE,A,https://www.acfic.org.cn/ztzlhz/2022gslhj/2022gslhj_he/202207/t20220715_312762.html,"Official federation roster confirms this source identity/role, but no sufficiently current and specific A/B employer-title evidence was found in this batch; name-only matches were rejected."
175,FC2515-P05-R0053,河北,53,IDENTITY_ONLY_OFFICIAL_ROSTER,王勇,,,UNRESOLVED_CURRENT_ORG_TITLE,A,https://www.acfic.org.cn/ztzlhz/2022gslhj/2022gslhj_he/202207/t20220715_312762.html,"Official federation roster confirms this source identity/role, but no sufficiently current and specific A/B employer-title evidence was found in this batch; name-only matches were rejected."
176,FC2515-P05-R0054,河北,54,IDENTITY_ONLY_OFFICIAL_ROSTER,王大玮,,,UNRESOLVED_CURRENT_ORG_TITLE,A,https://www.acfic.org.cn/ztzlhz/2022gslhj/2022gslhj_he/202207/t20220715_312762.html,"Official federation roster confirms this source identity/role, but no sufficiently current and specific A/B employer-title evidence was found in this batch; name-only matches were rejected."
177,FC2515-P05-R0055,河北,55,IDENTITY_ONLY_OFFICIAL_ROSTER,王子峥,,,UNRESOLVED_CURRENT_ORG_TITLE,A,https://www.acfic.org.cn/ztzlhz/2022gslhj/2022gslhj_he/202207/t20220715_312762.html,"Official federation roster confirms this source identity/role, but no sufficiently current and specific A/B employer-title evidence was found in this batch; name-only matches were rejected."
178,FC2515-P05-R0056,河北,56,IDENTITY_ONLY_OFFICIAL_ROSTER,王冰玉,,,UNRESOLVED_CURRENT_ORG_TITLE,A,https://www.acfic.org.cn/ztzlhz/2022gslhj/2022gslhj_he/202207/t20220715_312762.html,"Official federation roster confirms this source identity/role, but no sufficiently current and specific A/B employer-title evidence was found in this batch; name-only matches were rejected."
179,FC2515-P05-R0057,河北,57,IDENTITY_ONLY_OFFICIAL_ROSTER,王志民,,,UNRESOLVED_CURRENT_ORG_TITLE,A,https://www.acfic.org.cn/ztzlhz/2022gslhj/2022gslhj_he/202207/t20220715_312762.html,"Official federation roster confirms this source identity/role, but no sufficiently current and specific A/B employer-title evidence was found in this batch; name-only matches were rejected."
180,FC2515-P05-R0058,河北,58,IDENTITY_ONLY_OFFICIAL_ROSTER,王秀红,,,UNRESOLVED_CURRENT_ORG_TITLE,A,https://www.acfic.org.cn/ztzlhz/2022gslhj/2022gslhj_he/202207/t20220715_312762.html,"Official federation roster confirms this source identity/role, but no sufficiently current and specific A/B employer-title evidence was found in this batch; name-only matches were rejected."
181,FC2515-P05-R0059,河北,59,IDENTITY_ONLY_OFFICIAL_ROSTER,王季文,,,UNRESOLVED_CURRENT_ORG_TITLE,A,https://www.acfic.org.cn/ztzlhz/2022gslhj/2022gslhj_he/202207/t20220715_312762.html,"Official Hebei federation roster confirms this source identity/role, but this batch did not find sufficiently current and specific public evidence to assign a current organization/title without risking a name-only match."
182,FC2515-P05-R0060,河北,60,IDENTITY_ONLY_OFFICIAL_ROSTER,王建立,,,UNRESOLVED_CURRENT_ORG_TITLE,A,https://www.acfic.org.cn/ztzlhz/2022gslhj/2022gslhj_he/202207/t20220715_312762.html,"Official Hebei federation roster confirms this source identity/role, but this batch did not find sufficiently current and specific public evidence to assign a current organization/title without risking a name-only match."
183,FC2515-P05-R0061,河北,61,CURRENT_PUBLIC_ROLE_IDENTIFIED,王建江,中国人民政治协商会议河北省邢台市委员会,副主席,CURRENT_ORG_TITLE_CONFIRMED,B,https://www.hebjjrb.cn/system/2026/03/29/102166537.shtml,
184,FC2515-P05-R0062,河北,62,IDENTITY_ONLY_OFFICIAL_ROSTER,王轶超,,,UNRESOLVED_CURRENT_ORG_TITLE,A,https://www.acfic.org.cn/ztzlhz/2022gslhj/2022gslhj_he/202207/t20220715_312762.html,"Official Hebei federation roster confirms this source identity/role, but this batch did not find sufficiently current and specific public evidence to assign a current organization/title without risking a name-only match."
185,FC2515-P05-R0064,河北,64,IDENTITY_ONLY_OFFICIAL_ROSTER,王炳章,,,UNRESOLVED_CURRENT_ORG_TITLE,A,https://www.acfic.org.cn/ztzlhz/2022gslhj/2022gslhj_he/202207/t20220715_312762.html,"Official Hebei federation roster confirms this source identity/role, but this batch did not find sufficiently current and specific public evidence to assign a current organization/title without risking a name-only match."
186,FC2515-P05-R0065,河北,65,IDENTITY_ONLY_OFFICIAL_ROSTER,王根才,,,UNRESOLVED_CURRENT_ORG_TITLE,A,https://www.acfic.org.cn/ztzlhz/2022gslhj/2022gslhj_he/202207/t20220715_312762.html,"Official Hebei federation roster confirms this source identity/role, but this batch did not find sufficiently current and specific public evidence to assign a current organization/title without risking a name-only match."
187,FC2515-P05-R0066,河北,66,IDENTITY_ONLY_OFFICIAL_ROSTER,王铉斐,,,UNRESOLVED_CURRENT_ORG_TITLE,A,https://www.acfic.org.cn/ztzlhz/2022gslhj/2022gslhj_he/202207/t20220715_312762.html,"Official Hebei federation roster confirms this source identity/role, but this batch did not find sufficiently current and specific public evidence to assign a current organization/title without risking a name-only match."
188,FC2515-P05-R0067,河北,67,IDENTITY_ONLY_OFFICIAL_ROSTER,王彩霞,,,UNRESOLVED_CURRENT_ORG_TITLE,A,https://www.acfic.org.cn/ztzlhz/2022gslhj/2022gslhj_he/202207/t20220715_312762.html,"Official Hebei federation roster confirms this source identity/role, but this batch did not find sufficiently current and specific public evidence to assign a current organization/title without risking a name-only match."
189,FC2515-P05-R0068,河北,68,CURRENT_ENTERPRISE_ROLE_IDENTIFIED,卢勇,秦皇岛星箭特种玻璃有限公司,党支部书记、董事长,CURRENT_ORG_TITLE_CONFIRMED,B,https://cpc.people.com.cn/n1/2026/0709/c462314-40756868.html,
190,FC2515-P05-R0069,河北,69,IDENTITY_ONLY_OFFICIAL_ROSTER,叶少华,,,UNRESOLVED_CURRENT_ORG_TITLE,A,https://www.acfic.org.cn/ztzlhz/2022gslhj/2022gslhj_he/202207/t20220715_312762.html,"Official Hebei federation roster confirms this source identity/role, but this batch did not find sufficiently current and specific public evidence to assign a current organization/title without risking a name-only match."
191,FC2515-P05-R0070,河北,70,IDENTITY_ONLY_OFFICIAL_ROSTER,田明晖,,,UNRESOLVED_CURRENT_ORG_TITLE,A,https://www.acfic.org.cn/ztzlhz/2022gslhj/2022gslhj_he/202207/t20220715_312762.html,"Official Hebei federation roster confirms this source identity/role, but this batch did not find sufficiently current and specific public evidence to assign a current organization/title without risking a name-only match."
192,FC2515-P05-R0071,河北,71,IDENTITY_ONLY_OFFICIAL_ROSTER,田树波,,,UNRESOLVED_CURRENT_ORG_TITLE,A,https://www.acfic.org.cn/ztzlhz/2022gslhj/2022gslhj_he/202207/t20220715_312762.html,"Official Hebei federation roster confirms this source identity/role, but this batch did not find sufficiently current and specific public evidence to assign a current organization/title without risking a name-only match."
193,FC2515-P05-R0072,河北,72,IDENTITY_ONLY_OFFICIAL_ROSTER,付志伟,,,UNRESOLVED_CURRENT_ORG_TITLE,A,https://www.acfic.org.cn/ztzlhz/2022gslhj/2022gslhj_he/202207/t20220715_312762.html,"Official Hebei federation roster confirms this source identity/role, but this batch did not find sufficiently current and specific public evidence to assign a current organization/title without risking a name-only match."
194,FC2515-P05-R0073,河北,73,IDENTITY_ONLY_OFFICIAL_ROSTER,白春生,,,UNRESOLVED_CURRENT_ORG_TITLE,A,https://www.acfic.org.cn/ztzlhz/2022gslhj/2022gslhj_he/202207/t20220715_312762.html,"Official Hebei federation roster confirms this source identity/role, but this batch did not find sufficiently current and specific public evidence to assign a current organization/title without risking a name-only match."
195,FC2515-P05-R0074,河北,74,IDENTITY_ONLY_OFFICIAL_ROSTER,边志华,,,UNRESOLVED_CURRENT_ORG_TITLE,A,https://www.acfic.org.cn/ztzlhz/2022gslhj/2022gslhj_he/202207/t20220715_312762.html,"Official Hebei federation roster confirms this source identity/role, but this batch did not find sufficiently current and specific public evidence to assign a current organization/title without risking a name-only match."
196,FC2515-P05-R0075,河北,75,IDENTITY_ONLY_OFFICIAL_ROSTER,刘清,,,UNRESOLVED_CURRENT_ORG_TITLE,A,https://www.acfic.org.cn/ztzlhz/2022gslhj/2022gslhj_he/202207/t20220715_312762.html,"Official Hebei federation roster confirms this source identity/role, but this batch did not find sufficiently current and specific public evidence to assign a current organization/title without risking a name-only match."
197,FC2515-P05-R0076,河北,76,CURRENT_ENTERPRISE_ROLE_IDENTIFIED,刘延云,河北千喜鹤饮食股份有限公司,董事长,CURRENT_ORG_TITLE_CONFIRMED,A,https://www.acfic.org.cn/lqfw/zzjs/zwdwjs/202506/t20250617_309772.html,
198,FC2515-P05-R0077,河北,77,IDENTITY_ONLY_OFFICIAL_ROSTER,刘庆虎,,,UNRESOLVED_CURRENT_ORG_TITLE,A,https://www.acfic.org.cn/ztzlhz/2022gslhj/2022gslhj_he/202207/t20220715_312762.html,"Official Hebei federation roster confirms this source identity/role, but this batch did not find sufficiently current and specific public evidence to assign a current organization/title without risking a name-only match."
199,FC2515-P05-R0078,河北,78,IDENTITY_ONLY_OFFICIAL_ROSTER,刘宏志,,,UNRESOLVED_CURRENT_ORG_TITLE,A,https://www.acfic.org.cn/ztzlhz/2022gslhj/2022gslhj_he/202207/t20220715_312762.html,"Official Hebei federation roster confirms this source identity/role, but this batch did not find sufficiently current and specific public evidence to assign a current organization/title without risking a name-only match."
200,FC2515-P05-R0079,河北,79,IDENTITY_ONLY_OFFICIAL_ROSTER,刘俊良,,,UNRESOLVED_CURRENT_ORG_TITLE,A,https://www.acfic.org.cn/ztzlhz/2022gslhj/2022gslhj_he/202207/t20220715_312762.html,"Official Hebei federation roster confirms this source identity/role, but this batch did not find sufficiently current and specific public evidence to assign a current organization/title without risking a name-only match."
201,FC2515-P05-R0080,河北,80,IDENTITY_ONLY_OFFICIAL_ROSTER,闫利艳,,,UNRESOLVED_CURRENT_ORG_TITLE,A,https://www.acfic.org.cn/ztzlhz/2022gslhj/2022gslhj_he/202207/t20220715_312762.html,"Official Hebei federation roster confirms this source identity/role, but this batch did not find sufficiently current and specific public evidence to assign a current organization/title without risking a name-only match."
202,FC2515-P05-R0081,河北,81,IDENTITY_ONLY_OFFICIAL_ROSTER,孙清良,,,UNRESOLVED_CURRENT_ORG_TITLE,A,https://www.acfic.org.cn/ztzlhz/2022gslhj/2022gslhj_he/202207/t20220715_312762.html,"Official Hebei federation roster confirms this source identity/role, but this batch did not find sufficiently current and specific public evidence to assign a current organization/title without risking a name-only match."
203,FC2515-P05-R0082,河北,82,IDENTITY_ONLY_OFFICIAL_ROSTER,李玉国,,,UNRESOLVED_CURRENT_ORG_TITLE,A,https://www.acfic.org.cn/ztzlhz/2022gslhj/2022gslhj_he/202207/t20220715_312762.html,"Official Hebei federation roster confirms this source identity/role, but this batch did not find sufficiently current and specific public evidence to assign a current organization/title without risking a name-only match."
204,FC2515-P05-R0083,河北,83,IDENTITY_ONLY_OFFICIAL_ROSTER,李西平,,,UNRESOLVED_CURRENT_ORG_TITLE,A,https://www.acfic.org.cn/ztzlhz/2022gslhj/2022gslhj_he/202207/t20220715_312762.html,"Official Hebei federation roster confirms this source identity/role, but this batch did not find sufficiently current and specific public evidence to assign a current organization/title without risking a name-only match."
205,FC2515-P05-R0084,河北,84,IDENTITY_ONLY_OFFICIAL_ROSTER,李宏涛,,,UNRESOLVED_CURRENT_ORG_TITLE,A,https://www.acfic.org.cn/ztzlhz/2022gslhj/2022gslhj_he/202207/t20220715_312762.html,"Official Hebei federation roster confirms this source identity/role, but this batch did not find sufficiently current and specific public evidence to assign a current organization/title without risking a name-only match."
206,FC2515-P05-R0085,河北,85,CURRENT_PUBLIC_ROLE_IDENTIFIED,李明辉,河北省工商业联合会,党组成员、秘书长,CURRENT_ORG_TITLE_CONFIRMED,B,https://www.sohu.com/a/1027817999_121196328,
207,FC2515-P05-R0086,河北,86,IDENTITY_ONLY_OFFICIAL_ROSTER,李保红,,,UNRESOLVED_CURRENT_ORG_TITLE,A,https://www.acfic.org.cn/ztzlhz/2022gslhj/2022gslhj_he/202207/t20220715_312762.html,"Official Hebei federation roster confirms this source identity/role, but this batch did not find sufficiently current and specific public evidence to assign a current organization/title without risking a name-only match."
208,FC2515-P05-R0087,河北,87,IDENTITY_ONLY_OFFICIAL_ROSTER,李鹏亮,,,UNRESOLVED_CURRENT_ORG_TITLE,A,https://www.acfic.org.cn/ztzlhz/2022gslhj/2022gslhj_he/202207/t20220715_312762.html,"Official Hebei federation roster confirms this source identity/role, but this batch did not find sufficiently current and specific public evidence to assign a current organization/title without risking a name-only match."
209,FC2515-P05-R0088,河北,88,CURRENT_ENTERPRISE_ROLE_IDENTIFIED,李藏稳,河北华密新材科技股份有限公司,董事长,CURRENT_ORG_TITLE_CONFIRMED,A,https://www.acfic.org.cn/gdgslgz/hb/bjgslgz/202512/t20251209_323112.html,
210,FC2515-P05-R0089,河北,89,IDENTITY_ONLY_OFFICIAL_ROSTER,肖飞,,,UNRESOLVED_CURRENT_ORG_TITLE,A,https://www.acfic.org.cn/ztzlhz/2022gslhj/2022gslhj_he/202207/t20220715_312762.html,"Official Hebei federation roster confirms this source identity/role, but this batch did not find sufficiently current and specific public evidence to assign a current organization/title without risking a name-only match."
211,FC2515-P05-R0090,河北,90,IDENTITY_ONLY_OFFICIAL_ROSTER,辛群来,,,UNRESOLVED_CURRENT_ORG_TITLE,A,https://www.acfic.org.cn/ztzlhz/2022gslhj/2022gslhj_he/202207/t20220715_312762.html,"Official Hebei federation roster confirms this source identity/role, but this batch did not find sufficiently current and specific public evidence to assign a current organization/title without risking a name-only match."
212,FC2515-P05-R0091,河北,91,IDENTITY_ONLY_OFFICIAL_ROSTER,宋建国,,,UNRESOLVED_CURRENT_ORG_TITLE,A,https://www.acfic.org.cn/ztzlhz/2022gslhj/2022gslhj_he/202207/t20220715_312762.html,"Official Hebei federation roster confirms this source identity/role, but this batch did not find sufficiently current and specific public evidence to assign a current organization/title without risking a name-only match."
213,FC2515-P05-R0092,河北,92,IDENTITY_ONLY_OFFICIAL_ROSTER,宋炳方,,,UNRESOLVED_CURRENT_ORG_TITLE,A,https://www.acfic.org.cn/ztzlhz/2022gslhj/2022gslhj_he/202207/t20220715_312762.html,"Official Hebei federation roster confirms this source identity/role, but this batch did not find sufficiently current and specific public evidence to assign a current organization/title without risking a name-only match."
214,FC2515-P05-R0093,河北,93,IDENTITY_ONLY_OFFICIAL_ROSTER,张驰,,,UNRESOLVED_CURRENT_ORG_TITLE,A,https://www.acfic.org.cn/ztzlhz/2022gslhj/2022gslhj_he/202207/t20220715_312762.html,"Official Hebei federation roster confirms this source identity/role, but this batch did not find sufficiently current and specific public evidence to assign a current organization/title without risking a name-only match."
215,FC2515-P05-R0094,河北,94,IDENTITY_ONLY_OFFICIAL_ROSTER,张辉,,,UNRESOLVED_CURRENT_ORG_TITLE,A,https://www.acfic.org.cn/ztzlhz/2022gslhj/2022gslhj_he/202207/t20220715_312762.html,"Official Hebei federation roster confirms this source identity/role, but this batch did not find sufficiently current and specific public evidence to assign a current organization/title without risking a name-only match."
216,FC2515-P05-R0095,河北,95,IDENTITY_ONLY_OFFICIAL_ROSTER,张玉虎,,,UNRESOLVED_CURRENT_ORG_TITLE,A,https://www.acfic.org.cn/ztzlhz/2022gslhj/2022gslhj_he/202207/t20220715_312762.html,"Official Hebei federation roster confirms this source identity/role, but this batch did not find sufficiently current and specific public evidence to assign a current organization/title without risking a name-only match."
217,FC2515-P05-R0096,河北,96,IDENTITY_ONLY_OFFICIAL_ROSTER,张志祥,,,UNRESOLVED_CURRENT_ORG_TITLE,A,https://www.acfic.org.cn/ztzlhz/2022gslhj/2022gslhj_he/202207/t20220715_312762.html,"Official Hebei federation roster confirms this source identity/role, but this batch did not find sufficiently current and specific public evidence to assign a current organization/title without risking a name-only match."
218,FC2515-P05-R0097,河北,97,IDENTITY_ONLY_OFFICIAL_ROSTER,张丽英,,,UNRESOLVED_CURRENT_ORG_TITLE,A,https://www.acfic.org.cn/ztzlhz/2022gslhj/2022gslhj_he/202207/t20220715_312762.html,"Official Hebei federation roster confirms this source identity/role, but this batch did not find sufficiently current and specific public evidence to assign a current organization/title without risking a name-only match."
219,FC2515-P05-R0098,河北,98,IDENTITY_ONLY_OFFICIAL_ROSTER,张连水,,,UNRESOLVED_CURRENT_ORG_TITLE,A,https://www.acfic.org.cn/ztzlhz/2022gslhj/2022gslhj_he/202207/t20220715_312762.html,"Official Hebei federation roster confirms this source identity/role, but this batch did not find sufficiently current and specific public evidence to assign a current organization/title without risking a name-only match."
220,FC2515-P05-R0099,河北,99,IDENTITY_ONLY_OFFICIAL_ROSTER,张晓明,,,UNRESOLVED_CURRENT_ORG_TITLE,A,https://www.acfic.org.cn/ztzlhz/2022gslhj/2022gslhj_he/202207/t20220715_312762.html,"Official Hebei federation roster confirms this source identity/role, but this batch did not find sufficiently current and specific public evidence to assign a current organization/title without risking a name-only match."
221,FC2515-P05-R0100,河北,100,IDENTITY_ONLY_OFFICIAL_ROSTER,陆洪兵,,,UNRESOLVED_CURRENT_ORG_TITLE,A,https://www.acfic.org.cn/ztzlhz/2022gslhj/2022gslhj_he/202207/t20220715_312762.html,"Official Hebei federation roster confirms this source identity/role, but this batch did not find sufficiently current and specific public evidence to assign a current organization/title without risking a name-only match."
222,FC2515-P05-R0101,河北,101,IDENTITY_ONLY_OFFICIAL_ROSTER,陈红,,,UNRESOLVED_CURRENT_ORG_TITLE,A,https://www.acfic.org.cn/ztzlhz/2022gslhj/2022gslhj_he/202207/t20220715_312762.html,"Official Hebei federation roster confirms this source identity/role, but this batch did not find sufficiently current and specific public evidence to assign a current organization/title without risking a name-only match."
223,FC2515-P05-R0102,河北,102,CURRENT_ASSOCIATION_ROLE_IDENTIFIED,陈金端,河北省石油业商会,会长,CURRENT_ORG_TITLE_CONFIRMED,B,https://jyz.315i.com/news/4573.html,
224,FC2515-P05-R0103,河北,103,IDENTITY_ONLY_OFFICIAL_ROSTER,赵杰,,,UNRESOLVED_CURRENT_ORG_TITLE,A,https://www.acfic.org.cn/ztzlhz/2022gslhj/2022gslhj_he/202207/t20220715_312762.html,"Official Hebei federation roster confirms this source identity/role, but this batch did not find sufficiently current and specific public evidence to assign a current organization/title without risking a name-only match."
225,FC2515-P05-R0104,河北,104,IDENTITY_ONLY_OFFICIAL_ROSTER,赵汇行,,,UNRESOLVED_CURRENT_ORG_TITLE,A,https://www.acfic.org.cn/ztzlhz/2022gslhj/2022gslhj_he/202207/t20220715_312762.html,"Official Hebei federation roster confirms this source identity/role, but this batch did not find sufficiently current and specific public evidence to assign a current organization/title without risking a name-only match."
226,FC2515-P05-R0105,河北,105,CURRENT_ENTERPRISE_ROLE_IDENTIFIED,郝旭,河北源达信息技术股份有限公司,董事长,CURRENT_ORG_TITLE_CONFIRMED,B,https://www.hebjjrb.cn/system/2026/01/29/102149295.shtml,
227,FC2515-P05-R0106,河北,106,IDENTITY_ONLY_OFFICIAL_ROSTER,胡廷宝,,,UNRESOLVED_CURRENT_ORG_TITLE,A,https://www.acfic.org.cn/ztzlhz/2022gslhj/2022gslhj_he/202207/t20220715_312762.html,"Official Hebei federation roster confirms this source identity/role, but this batch did not find sufficiently current and specific public evidence to assign a current organization/title without risking a name-only match."
228,FC2515-P05-R0107,河北,107,IDENTITY_ONLY_OFFICIAL_ROSTER,柳向标,,,UNRESOLVED_CURRENT_ORG_TITLE,A,https://www.acfic.org.cn/ztzlhz/2022gslhj/2022gslhj_he/202207/t20220715_312762.html,"Official Hebei federation roster confirms this source identity/role, but this batch did not find sufficiently current and specific public evidence to assign a current organization/title without risking a name-only match."
229,FC2515-P05-R0108,河北,108,IDENTITY_ONLY_OFFICIAL_ROSTER,侯书民,,,UNRESOLVED_CURRENT_ORG_TITLE,A,https://www.acfic.org.cn/ztzlhz/2022gslhj/2022gslhj_he/202207/t20220715_312762.html,"Official Hebei federation roster confirms this source identity/role, but this batch did not find sufficiently current and specific public evidence to assign a current organization/title without risking a name-only match."
230,FC2515-P05-R0109,河北,109,CURRENT_PUBLIC_ROLE_IDENTIFIED,姜丙刚,中共衡水市委统一战线工作部 / 衡水市工商业联合会,副部长 / 党组书记,CURRENT_ORG_TITLE_CONFIRMED,A,https://www.hebeiql.org.cn/system/2026/04/03/030379954.shtml,
231,FC2515-P05-R0110,河北,110,IDENTITY_ONLY_OFFICIAL_ROSTER,曹淑霞,,,UNRESOLVED_CURRENT_ORG_TITLE,A,https://www.acfic.org.cn/ztzlhz/2022gslhj/2022gslhj_he/202207/t20220715_312762.html,"Official Hebei federation roster confirms this source identity/role, but this batch did not find sufficiently current and specific public evidence to assign a current organization/title without risking a name-only match."
232,FC2515-P05-R0111,河北,111,IDENTITY_ONLY_OFFICIAL_ROSTER,崔建波,,,UNRESOLVED_CURRENT_ORG_TITLE,A,https://www.acfic.org.cn/ztzlhz/2022gslhj/2022gslhj_he/202207/t20220715_312762.html,"Official Hebei federation roster confirms this source identity/role, but this batch did not find sufficiently current and specific public evidence to assign a current organization/title without risking a name-only match."
233,FC2515-P05-R0112,河北,112,CURRENT_ENTERPRISE_ROLE_IDENTIFIED,葛超众,邯郸盛卓集团,董事长,CURRENT_ORG_TITLE_CONFIRMED,A,https://www.acfic.org.cn/gdgslgz/hb/bjgslgz/202512/t20251209_323112.html,
234,FC2515-P05-R0113,河北,113,CURRENT_PUBLIC_ROLE_IDENTIFIED,董旭明,承德市工商业联合会,主席,CURRENT_ORG_TITLE_CONFIRMED,A,https://www.chengde.gov.cn/art/2026/2/5/art_360_1103368.html,
235,FC2515-P05-R0114,河北,114,CURRENT_ENTERPRISE_ROLE_IDENTIFIED,董香文,河北锦宝石循环资源开发集团,董事长,CURRENT_ORG_TITLE_CONFIRMED,A,https://www.acfic.org.cn/gdgslgz/hb/bjgslgz/202512/t20251209_323112.html,
236,FC2515-P05-R0115,河北,115,IDENTITY_ONLY_OFFICIAL_ROSTER,温君,,,UNRESOLVED_CURRENT_ORG_TITLE,A,https://www.acfic.org.cn/ztzlhz/2022gslhj/2022gslhj_he/202207/t20220715_312762.html,"Official Hebei federation roster confirms this source identity/role, but this batch did not find sufficiently current and specific public evidence to assign a current organization/title without risking a name-only match."
237,FC2515-P05-R0116,河北,116,CURRENT_ENTERPRISE_ROLE_IDENTIFIED,靳军辉,晶澳太阳能科技股份有限公司,董事、储能事业部董事长,CURRENT_ORG_TITLE_CONFIRMED,B,https://finance.sina.com.cn/stock/relnews/cn/2026-06-04/doc-iniahhrm2359257.shtml,
238,FC2515-P05-R0117,河北,117,CURRENT_PUBLIC_ROLE_IDENTIFIED,甄德恩,唐山市工商业联合会,主席,CURRENT_ORG_TITLE_CONFIRMED,B,https://tangshan.huanbohainews.com.cn/2026-02/08/content_50502159.html,
239,FC2515-P05-R0118,河北,118,CURRENT_ENTERPRISE_ROLE_IDENTIFIED,臧立国,立中四通轻合金集团股份有限公司,终身名誉董事,CURRENT_ORG_TITLE_CONFIRMED,B,https://www.cfi.net.cn/p20260703002817.html,
240,FC2515-P05-R0119,河北,119,IDENTITY_ONLY_OFFICIAL_ROSTER,霍占利,,,UNRESOLVED_CURRENT_ORG_TITLE,A,https://www.acfic.org.cn/ztzlhz/2022gslhj/2022gslhj_he/202207/t20220715_312762.html,"Official Hebei federation roster confirms this source identity/role, but this batch did not find sufficiently current and specific public evidence to assign a current organization/title without risking a name-only match."
241,FC2515-P05-R0120,河北,120,IDENTITY_ONLY_OFFICIAL_ROSTER,丁圣沧,,,UNRESOLVED_CURRENT_ORG_TITLE,A,https://www.acfic.org.cn/ztzlhz/2022gslhj/2022gslhj_he/202207/t20220715_312762.html,"Official Hebei federation roster confirms this source identity/role, but this batch did not find sufficiently current and specific public evidence to assign a current organization/title without risking a name-only match."
242,FC2515-P05-R0121,河北,121,CURRENT_ROLE_REUSED_WITH_OFFICIAL_ROSTER_CROSSLIST,于树中,河北叁陆伍网络科技集团有限公司,董事长,CURRENT_ORG_TITLE_CONFIRMED,A,https://www.acfic.org.cn/ztzlhz/myqyzth2025/myqyzth2025_xxgc/202502/t20250228_313701.html,
243,FC2515-P05-R0123,河北,123,IDENTITY_ONLY_OFFICIAL_ROSTER,马兵,,,UNRESOLVED_CURRENT_ORG_TITLE,A,https://www.acfic.org.cn/ztzlhz/2022gslhj/2022gslhj_he/202207/t20220715_312762.html,"Official Hebei federation roster confirms this source identity/role, but this batch did not find sufficiently current and specific public evidence to assign a current organization/title without risking a name-only match."
244,FC2515-P05-R0127,河北,127,IDENTITY_ONLY_OFFICIAL_ROSTER,马忠华,,,UNRESOLVED_CURRENT_ORG_TITLE,A,https://www.acfic.org.cn/ztzlhz/2022gslhj/2022gslhj_he/202207/t20220715_312762.html,"Official Hebei federation roster confirms this source identity/role, but this batch did not find sufficiently current and specific public evidence to assign a current organization/title without risking a name-only match."
245,FC2515-P05-R0133,河北,133,IDENTITY_ONLY_OFFICIAL_ROSTER,王勇,,,UNRESOLVED_CURRENT_ORG_TITLE,A,https://www.acfic.org.cn/ztzlhz/2022gslhj/2022gslhj_he/202207/t20220715_312762.html,"Official Hebei federation roster confirms this source identity/role, but this batch did not find sufficiently current and specific public evidence to assign a current organization/title without risking a name-only match."
246,FC2515-P05-R0135,河北,135,CURRENT_ENTERPRISE_ROLE_IDENTIFIED,王力崇,申科科技集团有限公司,董事长,CURRENT_ORG_TITLE_CONFIRMED,A,https://www.snkgroup.cn/news/detail/70,
247,FC2515-P05-R0136,河北,136,CURRENT_PUBLIC_ROLE_IDENTIFIED,王大玮,河北省人民政府国有资产监督管理委员会,二级巡视员、规划处处长,CURRENT_ORG_TITLE_CONFIRMED,B,https://hebfb.hebccw.cn/system/2025/11/12/102122445.shtml,
248,FC2515-P05-R0138,河北,138,IDENTITY_ONLY_OFFICIAL_ROSTER,王子峥,,,UNRESOLVED_CURRENT_ORG_TITLE,A,https://www.acfic.org.cn/ztzlhz/2022gslhj/2022gslhj_he/202207/t20220715_312762.html,"Official Hebei federation roster confirms this source identity/role, but this batch did not find sufficiently current and specific public evidence to assign a current organization/title without risking a name-only match."
249,FC2515-P05-R0141,河北,141,IDENTITY_ONLY_OFFICIAL_ROSTER,王冰玉,,,UNRESOLVED_CURRENT_ORG_TITLE,A,https://www.acfic.org.cn/ztzlhz/2022gslhj/2022gslhj_he/202207/t20220715_312762.html,"Official Hebei federation roster confirms this source identity/role, but this batch did not find sufficiently current and specific public evidence to assign a current organization/title without risking a name-only match."
250,FC2515-P05-R0142,河北,142,IDENTITY_ONLY_OFFICIAL_ROSTER,王志民,,,UNRESOLVED_CURRENT_ORG_TITLE,A,https://www.acfic.org.cn/ztzlhz/2022gslhj/2022gslhj_he/202207/t20220715_312762.html,"Official Hebei federation roster confirms this source identity/role, but this batch did not find sufficiently current and specific public evidence to assign a current organization/title without risking a name-only match."
251,FC2515-P05-R0143,河北,143,IDENTITY_ONLY_OFFICIAL_ROSTER,王秀红,,,UNRESOLVED_CURRENT_ORG_TITLE,A,https://www.acfic.org.cn/ztzlhz/2022gslhj/2022gslhj_he/202207/t20220715_312762.html,"Official Hebei federation roster confirms this source identity/role, but this batch did not find sufficiently current and specific public evidence to assign a current organization/title without risking a name-only match."
252,FC2515-P05-R0145,河北,145,CURRENT_ENTERPRISE_ROLE_IDENTIFIED,王英其,河北旭阳能源有限公司,董事长（兼中国旭阳集团副总裁）,CURRENT_ORG_TITLE_CONFIRMED,A,https://www.risun.com/news/details_294_10121.html,
253,FC2515-P05-R0147,河北,147,CURRENT_ENTERPRISE_ROLE_IDENTIFIED,王季文,厚普清洁能源（集团）股份有限公司,董事长,CURRENT_ORG_TITLE_CONFIRMED,A,https://static.cninfo.com.cn/finalpage/2026-08-05/1225458411.PDF,
254,FC2515-P05-R0149,河北,149,IDENTITY_ONLY_OFFICIAL_ROSTER,王建立,,,UNRESOLVED_CURRENT_ORG_TITLE,A,https://www.acfic.org.cn/ztzlhz/2022gslhj/2022gslhj_he/202207/t20220715_312762.html,"Official Hebei federation roster confirms this source identity/role, but this batch did not find sufficiently current and specific public evidence to assign a current organization/title without risking a name-only match."
255,FC2515-P05-R0150,河北,150,CURRENT_ROLE_REUSED_WITH_OFFICIAL_ROSTER_CROSSLIST,王建江,中国人民政治协商会议河北省邢台市委员会,副主席,CURRENT_ORG_TITLE_CONFIRMED,B,https://www.hebjjrb.cn/system/2026/03/29/102166537.shtml,
256,FC2515-P05-R0151,河北,151,CURRENT_ROLE_REUSED_WITH_OFFICIAL_ROSTER_CROSSLIST,王树华,冀南钢铁集团有限公司,党委书记、董事长,CURRENT_ORG_TITLE_CONFIRMED,B,https://finance.sina.com.cn/roll/2025-07-21/doc-infheqea8318974.shtml,
257,FC2515-P05-R0152,河北,152,IDENTITY_ONLY_OFFICIAL_ROSTER,王轶超,,,UNRESOLVED_CURRENT_ORG_TITLE,A,https://www.acfic.org.cn/ztzlhz/2022gslhj/2022gslhj_he/202207/t20220715_312762.html,"Official Hebei federation roster confirms this source identity/role, but this batch did not find sufficiently current and specific public evidence to assign a current organization/title without risking a name-only match."
258,FC2515-P05-R0154,河北,154,IDENTITY_ONLY_OFFICIAL_ROSTER,王炳章,,,UNRESOLVED_CURRENT_ORG_TITLE,A,https://www.acfic.org.cn/ztzlhz/2022gslhj/2022gslhj_he/202207/t20220715_312762.html,"Official Hebei federation roster confirms this source identity/role, but this batch did not find sufficiently current and specific public evidence to assign a current organization/title without risking a name-only match."
259,FC2515-P05-R0155,河北,155,IDENTITY_ONLY_OFFICIAL_ROSTER,王根才,,,UNRESOLVED_CURRENT_ORG_TITLE,A,https://www.acfic.org.cn/ztzlhz/2022gslhj/2022gslhj_he/202207/t20220715_312762.html,"Official Hebei federation roster confirms this source identity/role, but this batch did not find sufficiently current and specific public evidence to assign a current organization/title without risking a name-only match."
260,FC2515-P05-R0156,河北,156,IDENTITY_ONLY_OFFICIAL_ROSTER,王铉斐,,,UNRESOLVED_CURRENT_ORG_TITLE,A,https://www.acfic.org.cn/ztzlhz/2022gslhj/2022gslhj_he/202207/t20220715_312762.html,"Official Hebei federation roster confirms this source identity/role, but this batch did not find sufficiently current and specific public evidence to assign a current organization/title without risking a name-only match."
261,FC2515-P05-R0159,河北,159,IDENTITY_ONLY_OFFICIAL_ROSTER,王彩霞,,,UNRESOLVED_CURRENT_ORG_TITLE,A,https://www.acfic.org.cn/ztzlhz/2022gslhj/2022gslhj_he/202207/t20220715_312762.html,"Official Hebei federation roster confirms this source identity/role, but this batch did not find sufficiently current and specific public evidence to assign a current organization/title without risking a name-only match."
262,FC2515-P05-R0161,河北,161,CURRENT_ENTERPRISE_ROLE_IDENTIFIED,尤文武,河北山庄集团,董事长,CURRENT_ORG_TITLE_CONFIRMED,B,https://finance.eastmoney.com/a/202605203743368323.html,
263,FC2515-P05-R0166,河北,166,IDENTITY_ONLY_OFFICIAL_ROSTER,石晟阳,,,UNRESOLVED_CURRENT_ORG_TITLE,A,https://www.acfic.org.cn/ztzlhz/2022gslhj/2022gslhj_he/202207/t20220715_312762.html,"Official Hebei federation roster confirms this source identity/role, but this batch did not find sufficiently current and specific public evidence to assign a current organization/title without risking a name-only match."
264,FC2515-P05-R0167,河北,167,CURRENT_ROLE_REUSED_WITH_OFFICIAL_ROSTER_CROSSLIST,卢勇,秦皇岛星箭特种玻璃有限公司,党支部书记、董事长,CURRENT_ORG_TITLE_CONFIRMED,B,https://cpc.people.com.cn/n1/2026/0709/c462314-40756868.html,
265,FC2515-P05-R0169,河北,169,CURRENT_ENTERPRISE_ROLE_IDENTIFIED,卢庆国,晨光生物科技集团股份有限公司,董事长,CURRENT_ORG_TITLE_CONFIRMED,A,https://www.acfic.org.cn/myjjzs/qyjjy/202508/t20250818_319805.html,
266,FC2515-P05-R0170,河北,170,IDENTITY_ONLY_OFFICIAL_ROSTER,叶少华,,,UNRESOLVED_CURRENT_ORG_TITLE,A,https://www.acfic.org.cn/ztzlhz/2022gslhj/2022gslhj_he/202207/t20220715_312762.html,"Official Hebei federation roster confirms this source identity/role, but this batch did not find sufficiently current and specific public evidence to assign a current organization/title without risking a name-only match."
267,FC2515-P05-R0171,河北,171,IDENTITY_ONLY_OFFICIAL_ROSTER,叶逢光,,,UNRESOLVED_CURRENT_ORG_TITLE,A,https://www.acfic.org.cn/ztzlhz/2022gslhj/2022gslhj_he/202207/t20220715_312762.html,"Official Hebei federation roster confirms this source identity/role, but this batch did not find sufficiently current and specific public evidence to assign a current organization/title without risking a name-only match."
268,FC2515-P05-R0174,河北,174,CURRENT_ENTERPRISE_ROLE_IDENTIFIED,田纯刚,秦皇岛兴龙科技集团,董事长,CURRENT_ORG_TITLE_CONFIRMED,A,https://www.lf.gov.cn/Item/146020.aspx,
269,FC2515-P05-R0175,河北,175,IDENTITY_ONLY_OFFICIAL_ROSTER,田明晖,,,UNRESOLVED_CURRENT_ORG_TITLE,A,https://www.acfic.org.cn/ztzlhz/2022gslhj/2022gslhj_he/202207/t20220715_312762.html,"Official Hebei federation roster confirms this source identity/role, but this batch did not find sufficiently current and specific public evidence to assign a current organization/title without risking a name-only match."
270,FC2515-P05-R0177,河北,177,IDENTITY_ONLY_OFFICIAL_ROSTER,田树波,,,UNRESOLVED_CURRENT_ORG_TITLE,A,https://www.acfic.org.cn/ztzlhz/2022gslhj/2022gslhj_he/202207/t20220715_312762.html,"Official Hebei federation roster confirms this source identity/role, but this batch did not find sufficiently current and specific public evidence to assign a current organization/title without risking a name-only match."
271,FC2515-P05-R0178,河北,178,IDENTITY_ONLY_OFFICIAL_ROSTER,付志伟,,,UNRESOLVED_CURRENT_ORG_TITLE,A,https://www.acfic.org.cn/ztzlhz/2022gslhj/2022gslhj_he/202207/t20220715_312762.html,"Official Hebei federation roster confirms this source identity/role, but this batch did not find sufficiently current and specific public evidence to assign a current organization/title without risking a name-only match."
272,FC2515-P05-R0180,河北,180,IDENTITY_ONLY_OFFICIAL_ROSTER,白春生,,,UNRESOLVED_CURRENT_ORG_TITLE,A,https://www.acfic.org.cn/ztzlhz/2022gslhj/2022gslhj_he/202207/t20220715_312762.html,"Official Hebei federation roster confirms this source identity/role, but this batch did not find sufficiently current and specific public evidence to assign a current organization/title without risking a name-only match."
273,FC2515-P05-R0182,河北,182,IDENTITY_ONLY_OFFICIAL_ROSTER,边志华,,,UNRESOLVED_CURRENT_ORG_TITLE,A,https://www.acfic.org.cn/ztzlhz/2022gslhj/2022gslhj_he/202207/t20220715_312762.html,"Official Hebei federation roster confirms this source identity/role, but this batch did not find sufficiently current and specific public evidence to assign a current organization/title without risking a name-only match."
274,FC2515-P05-R0183,河北,183,CURRENT_ROLE_REUSED_WITH_OFFICIAL_ROSTER_CROSSLIST,曲斌,河北省工商业联合会,一级巡视员,CURRENT_ORG_TITLE_CONFIRMED,A,https://www.baoding.gov.cn/content-173-538815.html,
275,FC2515-P05-R0185,河北,185,IDENTITY_ONLY_OFFICIAL_ROSTER,吕洪涛,,,UNRESOLVED_CURRENT_ORG_TITLE,A,https://www.acfic.org.cn/ztzlhz/2022gslhj/2022gslhj_he/202207/t20220715_312762.html,"Official Hebei federation roster confirms this source identity/role, but this batch did not find sufficiently current and specific public evidence to assign a current organization/title without risking a name-only match."
276,FC2515-P05-R0192,河北,192,IDENTITY_ONLY_OFFICIAL_ROSTER,刘清,,,UNRESOLVED_CURRENT_ORG_TITLE,A,https://www.acfic.org.cn/ztzlhz/2022gslhj/2022gslhj_he/202207/t20220715_312762.html,"Official Hebei federation roster confirms this source identity/role, but this batch did not find sufficiently current and specific public evidence to assign a current organization/title without risking a name-only match."
277,FC2515-P05-R0197,河北,197,CURRENT_ROLE_REUSED_WITH_OFFICIAL_ROSTER_CROSSLIST,刘延云,河北千喜鹤饮食股份有限公司,董事长,CURRENT_ORG_TITLE_CONFIRMED,A,https://www.acfic.org.cn/lqfw/zzjs/zwdwjs/202506/t20250617_309772.html,
278,FC2515-P05-R0199,河北,199,IDENTITY_ONLY_OFFICIAL_ROSTER,刘庆虎,,,UNRESOLVED_CURRENT_ORG_TITLE,A,https://www.acfic.org.cn/ztzlhz/2022gslhj/2022gslhj_he/202207/t20220715_312762.html,"Official Hebei federation roster confirms this source identity/role, but this batch did not find sufficiently current and specific public evidence to assign a current organization/title without risking a name-only match."
279,FC2515-P05-R0201,河北,201,CURRENT_PUBLIC_ROLE_IDENTIFIED,刘宏志,衡水市工商业联合会,主席,CURRENT_ORG_TITLE_CONFIRMED,B,https://www.hbjjrb.cn/system/2026/01/19/102145436.shtml,
280,FC2515-P05-R0202,河北,202,IDENTITY_ONLY_OFFICIAL_ROSTER,刘俊良,,,UNRESOLVED_CURRENT_ORG_TITLE,A,https://www.acfic.org.cn/ztzlhz/2022gslhj/2022gslhj_he/202207/t20220715_312762.html,"Official Hebei federation roster confirms this source identity/role, but this batch did not find sufficiently current and specific public evidence to assign a current organization/title without risking a name-only match."
281,FC2515-P05-R0207,河北,207,IDENTITY_ONLY_OFFICIAL_ROSTER,闫利艳,,,UNRESOLVED_CURRENT_ORG_TITLE,A,https://www.acfic.org.cn/ztzlhz/2022gslhj/2022gslhj_he/202207/t20220715_312762.html,"Official Hebei federation roster confirms this source identity/role, but this batch did not find sufficiently current and specific public evidence to assign a current organization/title without risking a name-only match."
282,FC2515-P05-R0208,河北,208,CURRENT_ROLE_REUSED_WITH_OFFICIAL_ROSTER_CROSSLIST,米亚林,首衡集团,董事长,CURRENT_ORG_TITLE_CONFIRMED,A,https://www.sunhola.cn/newsd-108471.html,
283,FC2515-P05-R0215,河北,215,IDENTITY_ONLY_OFFICIAL_ROSTER,孙清良,,,UNRESOLVED_CURRENT_ORG_TITLE,A,https://www.acfic.org.cn/ztzlhz/2022gslhj/2022gslhj_he/202207/t20220715_312762.html,"Official Hebei federation roster confirms this source identity/role, but this batch did not find sufficiently current and specific public evidence to assign a current organization/title without risking a name-only match."
284,FC2515-P05-R0218,河北,218,CURRENT_ROLE_REUSED_WITH_OFFICIAL_ROSTER_CROSSLIST,苏学军,石家庄四药有限公司,董事长,CURRENT_ORG_TITLE_CONFIRMED,A,https://www.acfic.org.cn/ztzlhz/myqyzth2025/myqyzth2025_xxgc/202502/t20250228_313701.html,
285,FC2515-P05-R0233,河北,233,IDENTITY_ONLY_OFFICIAL_ROSTER,李玉国,,,UNRESOLVED_CURRENT_ORG_TITLE,A,https://www.acfic.org.cn/ztzlhz/2022gslhj/2022gslhj_he/202207/t20220715_312762.html,"Official Hebei federation roster confirms this source identity/role, but this batch did not find sufficiently current and specific public evidence to assign a current organization/title without risking a name-only match."
286,FC2515-P05-R0234,河北,234,IDENTITY_ONLY_OFFICIAL_ROSTER,李西平,,,UNRESOLVED_CURRENT_ORG_TITLE,A,https://www.acfic.org.cn/ztzlhz/2022gslhj/2022gslhj_he/202207/t20220715_312762.html,"Official Hebei federation roster confirms this source identity/role, but this batch did not find sufficiently current and specific public evidence to assign a current organization/title without risking a name-only match."
287,FC2515-P05-R0237,河北,237,CURRENT_ROLE_REUSED_WITH_OFFICIAL_ROSTER_CROSSLIST,李红录,河北省工商业联合会,党组书记、常务副主席,CURRENT_ORG_TITLE_CONFIRMED,A,https://www.hbtzb.gov.cn/system/2026/03/30/030379294.shtml,
288,FC2515-P05-R0238,河北,238,IDENTITY_ONLY_OFFICIAL_ROSTER,李志永,,,UNRESOLVED_CURRENT_ORG_TITLE,A,https://www.acfic.org.cn/ztzlhz/2022gslhj/2022gslhj_he/202207/t20220715_312762.html,"Official Hebei federation roster confirms this source identity/role, but this batch did not find sufficiently current and specific public evidence to assign a current organization/title without risking a name-only match."
289,FC2515-P05-R0239,河北,239,IDENTITY_ONLY_OFFICIAL_ROSTER,李宏涛,,,UNRESOLVED_CURRENT_ORG_TITLE,A,https://www.acfic.org.cn/ztzlhz/2022gslhj/2022gslhj_he/202207/t20220715_312762.html,"Official Hebei federation roster confirms this source identity/role, but this batch did not find sufficiently current and specific public evidence to assign a current organization/title without risking a name-only match."
290,FC2515-P05-R0241,河北,241,CURRENT_ROLE_REUSED_WITH_OFFICIAL_ROSTER_CROSSLIST,李明辉,河北省工商业联合会,党组成员、秘书长,CURRENT_ORG_TITLE_CONFIRMED,B,https://www.sohu.com/a/1027817999_121196328,
291,FC2515-P05-R0243,河北,243,IDENTITY_ONLY_OFFICIAL_ROSTER,李保红,,,UNRESOLVED_CURRENT_ORG_TITLE,A,https://www.acfic.org.cn/ztzlhz/2022gslhj/2022gslhj_he/202207/t20220715_312762.html,"Official Hebei federation roster confirms this source identity/role, but this batch did not find sufficiently current and specific public evidence to assign a current organization/title without risking a name-only match."
292,FC2515-P05-R0246,河北,246,IDENTITY_ONLY_OFFICIAL_ROSTER,李高斯,,,UNRESOLVED_CURRENT_ORG_TITLE,A,https://www.acfic.org.cn/ztzlhz/2022gslhj/2022gslhj_he/202207/t20220715_312762.html,"Official Hebei federation roster confirms this source identity/role, but this batch did not find sufficiently current and specific public evidence to assign a current organization/title without risking a name-only match."
293,FC2515-P05-R0249,河北,249,CURRENT_ENTERPRISE_ROLE_IDENTIFIED,李鹏亮,河北邯郸丛台酒业股份有限公司,党委书记、总经理,CURRENT_ORG_TITLE_CONFIRMED,B,https://he.people.com.cn/n2/2026/0127/c192235-41484894.html,
294,FC2515-P05-R0251,河北,251,CURRENT_ROLE_REUSED_WITH_OFFICIAL_ROSTER_CROSSLIST,李藏稳,河北华密新材科技股份有限公司,董事长,CURRENT_ORG_TITLE_CONFIRMED,A,https://www.acfic.org.cn/gdgslgz/hb/bjgslgz/202512/t20251209_323112.html,
295,FC2515-P05-R0259,河北,259,IDENTITY_ONLY_OFFICIAL_ROSTER,杨晓勇,,,UNRESOLVED_CURRENT_ORG_TITLE,A,https://www.acfic.org.cn/ztzlhz/2022gslhj/2022gslhj_he/202207/t20220715_312762.html,"Official Hebei federation roster confirms this source identity/role, but this batch did not find sufficiently current and specific public evidence to assign a current organization/title without risking a name-only match."
296,FC2515-P05-R0262,河北,262,IDENTITY_ONLY_OFFICIAL_ROSTER,杨壹名,,,UNRESOLVED_CURRENT_ORG_TITLE,A,https://www.acfic.org.cn/ztzlhz/2022gslhj/2022gslhj_he/202207/t20220715_312762.html,"Official Hebei federation roster confirms this source identity/role, but this batch did not find sufficiently current and specific public evidence to assign a current organization/title without risking a name-only match."
297,FC2515-P05-R0264,河北,264,IDENTITY_ONLY_OFFICIAL_ROSTER,肖飞,,,UNRESOLVED_CURRENT_ORG_TITLE,A,https://www.acfic.org.cn/ztzlhz/2022gslhj/2022gslhj_he/202207/t20220715_312762.html,"Official Hebei federation roster confirms this source identity/role, but this batch did not find sufficiently current and specific public evidence to assign a current organization/title without risking a name-only match."
298,FC2515-P05-R0266,河北,266,CURRENT_ROLE_REUSED_WITH_OFFICIAL_ROSTER_CROSSLIST,时清霜,河北省工商业联合会,主席,CURRENT_ORG_TITLE_CONFIRMED,A,https://wap.acfic.org.cn/qlyw_13743/202603/t20260329_325280.html,
299,FC2515-P05-R0270,河北,270,CURRENT_ROLE_REUSED_WITH_OFFICIAL_ROSTER_CROSSLIST,吴相君,石家庄以岭药业股份有限公司,董事长,CURRENT_ORG_TITLE_CONFIRMED,A,https://wap.acfic.org.cn/gdgslgz_14277/202509/t20250915_321374.html,
300,FC2515-P05-R0276,河北,276,IDENTITY_ONLY_OFFICIAL_ROSTER,辛群来,,,UNRESOLVED_CURRENT_ORG_TITLE,A,https://www.acfic.org.cn/ztzlhz/2022gslhj/2022gslhj_he/202207/t20220715_312762.html,"Official Hebei federation roster confirms this source identity/role, but this batch did not find sufficiently current and specific public evidence to assign a current organization/title without risking a name-only match."
